Scantic,Hartford ,CT
Berkshire,Fairfield ,CT
Bethel,Fairfield ,CT
Branchville,Fairfield ,CT
Bridgeport,Fairfield ,CT
Brookfield,Fairfield ,CT
Byram,Fairfield ,CT
Cos Cob,Fairfield ,CT
Cranbury,Fairfield ,CT
Danbury,Fairfield ,CT
Darien,Fairfield ,CT
East Norwalk,Fairfield ,CT
Easton,Fairfield ,CT
Fairfield,Fairfield ,CT
Georgetown,Fairfield ,CT
Glenville,Fairfield ,CT
Greenfield Hill,Fairfield ,CT
Greenwich,Fairfield ,CT
Hawleyville,Fairfield ,CT
Huntington,Fairfield ,CT
Long Hill,Fairfield ,CT
Lyons Plain,Fairfield ,CT
Mill Plain,Fairfield ,CT
Monroe,Fairfield ,CT
New Canaan,Fairfield ,CT
New Fairfield,Fairfield ,CT
Newtown,Fairfield ,CT
Nichols,Fairfield ,CT
Noroton,Fairfield ,CT
Noroton Heights,Fairfield ,CT
Norwalk,Fairfield ,CT
Old Greenwich,Fairfield ,CT
Redding,Fairfield ,CT
Redding Ridge,Fairfield ,CT
Ridgefield,Fairfield ,CT
Riverside,Fairfield ,CT
Round Hill,Fairfield ,CT
Rowayton,Fairfield ,CT
Sandy Hook,Fairfield ,CT
Saugatuck,Fairfield ,CT
Shelton,Fairfield ,CT
Sherman,Fairfield ,CT
Southport,Fairfield ,CT
Stafford,Fairfield ,CT
Stamford,Fairfield ,CT
Stepney,Fairfield ,CT
Stratford,Fairfield ,CT
Trumbull,Fairfield ,CT
Weston,Fairfield ,CT
Westport,Fairfield ,CT
Wilton,Fairfield ,CT
Winnipauk,Fairfield ,CT
Addison,Hartford ,CT
Avon,Hartford ,CT
Berlin,Hartford ,CT
Bloomfield,Hartford ,CT
Blue hills,Hartford ,CT
Bristol,Hartford ,CT
Broadbrook,Hartford ,CT
Buckingham,Hartford ,CT
Burlington,Hartford ,CT
Burnside,Hartford ,CT
Canton,Hartford ,CT
Collinsville,Hartford ,CT
East Berlin,Hartford ,CT
East Granby,Hartford ,CT
East Hartford,Hartford ,CT
East Windsor,Hartford ,CT
Elmwood,Hartford ,CT
Enfield,Hartford ,CT
Farmington,Hartford ,CT
Forestville,Hartford ,CT
Glastonbury,Hartford ,CT
Granby,Hartford ,CT
Hartford,Hartford ,CT
Hazardville,Hartford ,CT
Highland Park,Hartford ,CT
Hockanum,Hartford ,CT
Manchester,Hartford ,CT
Marion,Hartford ,CT
Marlborough,Hartford ,CT
Milldale,Hartford ,CT
New Britain,Hartford ,CT
Newington,Hartford ,CT
North Bloomfield,Hartford ,CT
North Canton,Hartford ,CT
North Granby,Hartford ,CT
Plainville,Hartford ,CT
Plantsville,Hartford ,CT
Poquonock,Hartford ,CT
Rocky Hill,Hartford ,CT
Simsbury,Hartford ,CT
South Glastonbury,Hartford ,CT
South Windsor,Hartford ,CT
Southington,Hartford ,CT
Suffield,Hartford ,CT
Thamesville,Hartford ,CT
Thompsonville,Hartford ,CT
Unionville,Hartford ,CT
Warehouse Point,Hartford ,CT
Weatogue,Hartford ,CT
West Avon,Hartford ,CT
West Granby,Hartford ,CT
West Hartford,Hartford ,CT
West Suffield,Hartford ,CT
Windsor,Hartford ,CT
Winsor Locks,Hartford ,CT
Hartland,Hartford ,CT
Windsor Locks,Hartford ,CT
Bakersville,Litchfield ,CT
Bantam,Litchfield ,CT
Barkhamsted,Litchfield ,CT
Bethlehem,Litchfield ,CT
Bridgewater,Litchfield ,CT
Canaan,Litchfield ,CT
Colebrook,Litchfield ,CT
Cornwall,Litchfield ,CT
East Canaan,Litchfield ,CT
East Morris,Litchfield ,CT
Falls Village,Litchfield ,CT
Gaylordsville,Litchfield ,CT
Goshen,Litchfield ,CT
Harwinton,Litchfield ,CT
Kent,Litchfield ,CT
Lakeville,Litchfield ,CT
Litchfield,Litchfield ,CT
Milton,Litchfield ,CT
Morris,Litchfield ,CT
New Hartford,Litchfield ,CT
New Milford,Litchfield ,CT
New Preston,Litchfield ,CT
Norfolk,Litchfield ,CT
North Woodbury,Litchfield ,CT
Northfield,Litchfield ,CT
Northville,Litchfield ,CT
Oakville,Litchfield ,CT
Pequabuck,Litchfield ,CT
Plymouth,Litchfield ,CT
Roxbury,Litchfield ,CT
Sharon,Litchfield ,CT
Terryville,Litchfield ,CT
Thomaston,Litchfield ,CT
Torrington,Litchfield ,CT
Warren,Litchfield ,CT
Washington,Litchfield ,CT
Washington Depot,Litchfield ,CT
Watertown,Litchfield ,CT
Wethersfield,Litchfield ,CT
Winchester,Litchfield ,CT
Winsted,Litchfield ,CT
Woodbury,Litchfield ,CT
North Canaan,Litchfield ,CT
Salisbury,Litchfield ,CT
Centerbrook,Middlesex ,CT
Chester,Middlesex ,CT
Clinton,Middlesex ,CT
Cobalt,Middlesex ,CT
Cromwell,Middlesex ,CT
Deep River,Middlesex ,CT
Durham,Middlesex ,CT
East Haddam,Middlesex ,CT
East Hampton,Middlesex ,CT
Essex,Middlesex ,CT
Fenwick,Middlesex ,CT
Haddam,Middlesex ,CT
Higganum,Middlesex ,CT
Ivoryton,Middlesex ,CT
Killingworth,Middlesex ,CT
Lake Pocotopaug,Middlesex ,CT
Middlefield,Middlesex ,CT
Middletown,Middlesex ,CT
Moodus,Middlesex ,CT
Old Saybrook,Middlesex ,CT
Portland,Middlesex ,CT
Rockfall,Middlesex ,CT
Saybrook Point,Middlesex ,CT
Westbrook,Middlesex ,CT
Westfield,Middlesex ,CT
Winthrop,Middlesex ,CT
Allington,New Haven ,CT
Ansonia,New Haven ,CT
Beacon Falls,New Haven ,CT
Bethany,New Haven ,CT
Branford,New Haven ,CT
Cheshire,New Haven ,CT
Derby,New Haven ,CT
Devon,New Haven ,CT
East Haven,New Haven ,CT
East River,New Haven ,CT
Foxon,New Haven ,CT
Guilford,New Haven ,CT
Hamden,New Haven ,CT
Indian Neck,New Haven ,CT
Leetes Island,New Haven ,CT
Madison,New Haven ,CT
Meriden,New Haven ,CT
Middlebury,New Haven ,CT
Milford,New Haven ,CT
Monowese,New Haven ,CT
Naugauck,New Haven ,CT
New Haven,New Haven ,CT
North Branford,New Haven ,CT
North Guilford,New Haven ,CT
North Haven,New Haven ,CT
Northford,New Haven ,CT
Orange,New Haven ,CT
Oxford,New Haven ,CT
Quinnipiac,New Haven ,CT
Seymour,New Haven ,CT
Short Beach,New Haven ,CT
Southbury,New Haven ,CT
Stony Creek,New Haven ,CT
Totoket,New Haven ,CT
Union City,New Haven ,CT
Wallingford,New Haven ,CT
Waterbury,New Haven ,CT
West Haven,New Haven ,CT
West Simsbury,New Haven ,CT
Whitneyville,New Haven ,CT
Wolcott,New Haven ,CT
Woodbridge,New Haven ,CT
Woodmont,New Haven ,CT
Yalesville,New Haven ,CT
Naugatuck,New Haven ,CT
Baltic,New London ,CT
Bozrah,New London ,CT
Colchester,New London ,CT
East Lyme,New London ,CT
Franklin,New London ,CT
Gales Ferry,New London ,CT
Griswold,New London ,CT
Groton,New London ,CT
Hanover,New London ,CT
Jewett City,New London ,CT
Lebanon,New London ,CT
Ledyard,New London ,CT
Lisbon,New London ,CT
Lords Point,New London ,CT
Mohegan,New London ,CT
Montville,New London ,CT
Morningside Park,New London ,CT
Mystic,New London ,CT
New London,New London ,CT
Niantic,New London ,CT
Noank,New London ,CT
North Franklin,New London ,CT
North Lyme,New London ,CT
North Stonington,New London ,CT
Norwich,New London ,CT
Norwichtown,New London ,CT
Oakdale,New London ,CT
Occum,New London ,CT
Old Lyme,New London ,CT
Old Mystic,New London ,CT
Pawcatuck,New London ,CT
Pleasure Beach,New London ,CT
Poquonock Bridge,New London ,CT
Preston,New London ,CT
Prospect,New London ,CT
Quaker Hill,New London ,CT
Salem,New London ,CT
Sprague,New London ,CT
Stonington,New London ,CT
Taftville,New London ,CT
Uncasville,New London ,CT
Versailles,New London ,CT
Voluntown,New London ,CT
Waterford,New London ,CT
Yantic,New London ,CT
Lyme,New London ,CT
Amston,Tolland ,CT
Andover,Tolland ,CT
Bolton,Tolland ,CT
Columbia,Tolland ,CT
Coventry,Tolland ,CT
Crystal Lake,Tolland ,CT
Ellington,Tolland ,CT
Hebron,Tolland ,CT
Mansfield,Tolland ,CT
Rockville,Tolland ,CT
Somers,Tolland ,CT
Somersville,Tolland ,CT
South Coventry,Tolland ,CT
Stafford Springs,Tolland ,CT
Storrs,Tolland ,CT
Talcottville,Tolland ,CT
Tariffville,Tolland ,CT
Tolland,Tolland ,CT
Union,Tolland ,CT
Vernon,Tolland ,CT
Vernon Center,Tolland ,CT
Willington,Tolland ,CT
Abington,Windham ,CT
Ashford,Windham ,CT
Ballouville,Windham ,CT
Brooklyn,Windham ,CT
Canterbury,Windham ,CT
Chaplin,Windham ,CT
Danielson,Windham ,CT
Dayville,Windham ,CT
East Brooklyn,Windham ,CT
East Killingly,Windham ,CT
East Putnam,Windham ,CT
Eastford,Windham ,CT
Fabyan,Windham ,CT
Grosvenor Dale,Windham ,CT
Hampton,Windham ,CT
Killingly,Windham ,CT
Moosup,Windham ,CT
North Grosvenor Dale,Windham ,CT
Oneco,Windham ,CT
Plainfield,Windham ,CT
Pomfret,Windham ,CT
Putnam,Windham ,CT
Putnam Heights,Windham ,CT
Quinebaug,Windham ,CT
Rogers,Windham ,CT
Scotland,Windham ,CT
South Killingly,Windham ,CT
South Windham,Windham ,CT
South Woodstock,Windham ,CT
Staffordville,Windham ,CT
Sterling,Windham ,CT
Thompson,Windham ,CT
Wauregan,Windham ,CT
Willimantic,Windham ,CT
Windham,Windham ,CT
Woodstock,Windham ,CT
Barnstable,Barnstable ,MA
Bourne,Barnstable ,MA
Brewster,Barnstable ,MA
Buzzards Bay,Barnstable ,MA
Chatham,Barnstable ,MA
Dennis,Barnstable ,MA
East Brewster,Barnstable ,MA
East Dennis,Barnstable ,MA
East Falmouth,Barnstable ,MA
East Orleans,Barnstable ,MA
East Sandwich,Barnstable ,MA
Eastham,Barnstable ,MA
Falmouth,Barnstable ,MA
Harwich,Barnstable ,MA
Hyannis,Barnstable ,MA
Marstons Mills,Barnstable ,MA
Mashpee,Barnstable ,MA
Menauhant,Barnstable ,MA
Menemsha,Barnstable ,MA
North Eastham,Barnstable ,MA
North Truro,Barnstable ,MA
Orleans,Barnstable ,MA
Osterville,Barnstable ,MA
Pleasant Lake,Barnstable ,MA
Pocasset,Barnstable ,MA
Provincetown,Barnstable ,MA
Quissett,Barnstable ,MA
Sandwich,Barnstable ,MA
Santuit,Barnstable ,MA
Silver Beach,Barnstable ,MA
South Chatham,Barnstable ,MA
South Orleans,Barnstable ,MA
South Wellfleet,Barnstable ,MA
South Yarmouth,Barnstable ,MA
Teaticket,Barnstable ,MA
Truro,Barnstable ,MA
Waquoit,Barnstable ,MA
Wellfleet,Barnstable ,MA
West Barnstable,Barnstable ,MA
West Yarmouth,Barnstable ,MA
Wianno,Barnstable ,MA
Woods Hole,Barnstable ,MA
Yarmouth,Barnstable ,MA
Adams,Berkshire ,MA
Alford,Berkshire ,MA
Ashley Falls,Berkshire ,MA
Becker,Berkshire ,MA
Becket,Berkshire ,MA
Berkshire,Berkshire ,MA
Briggsville,Berkshire ,MA
Cheshire,Berkshire ,MA
Clarksburg,Berkshire ,MA
Coltsville,Berkshire ,MA
Dalton,Berkshire ,MA
Densenville,Berkshire ,MA
East Lee,Berkshire ,MA
East Otis,Berkshire ,MA
East Windsor,Berkshire ,MA
Egremont,Berkshire ,MA
Florida,Berkshire ,MA
Glendale,Berkshire ,MA
Great Barrington,Berkshire ,MA
Hancock,Berkshire ,MA
Hartsville,Berkshire ,MA
Hinsdale,Berkshire ,MA
Hoosac Tunnel,Berkshire ,MA
Housatonic,Berkshire ,MA
Lanesborough,Berkshire ,MA
Lee,Berkshire ,MA
Lenox,Berkshire ,MA
Maple Grove,Berkshire ,MA
Mill River,Berkshire ,MA
Monterey,Berkshire ,MA
Montville,Berkshire ,MA
Mount Washington,Berkshire ,MA
New Ashford,Berkshire ,MA
New Boston,Berkshire ,MA
New Marlborough,Berkshire ,MA
North Adams,Berkshire ,MA
North Otis,Berkshire ,MA
Otis,Berkshire ,MA
Peru,Berkshire ,MA
Pittsfield,Berkshire ,MA
Richmond,Berkshire ,MA
Sandisfield,Berkshire ,MA
Savoy,Berkshire ,MA
Sheffield,Berkshire ,MA
South Sandisfield,Berkshire ,MA
South Williamstown,Berkshire ,MA
Stockbridge,Berkshire ,MA
Timberline,Berkshire ,MA
Tyringham,Berkshire ,MA
Washington,Berkshire ,MA
West Stockbridge,Berkshire ,MA
Williamstown,Berkshire ,MA
Windsor,Berkshire ,MA
Berkley,Bristol,MA
Dighton,Bristol,MA
Freetown,Bristol,MA
North Attleborough,Bristol,MA
Raynham,Bristol,MA
Seekonk,Bristol,MA
Acushnet,Bristol ,MA
Attleboro,Bristol ,MA
Clifford,Bristol ,MA
Dartmouth,Bristol ,MA
East Mansfield,Bristol ,MA
East Taunton,Bristol ,MA
Easton,Bristol ,MA
Fairhaven,Bristol ,MA
Fall River,Bristol ,MA
Long Plain,Bristol ,MA
Mansfield,Bristol ,MA
New Bedford,Bristol ,MA
North Dartmouth,Bristol ,MA
North Easton,Bristol ,MA
North Rehoboth,Bristol ,MA
North Westport,Bristol ,MA
Norton,Bristol ,MA
Oakland,Bristol ,MA
Padamaram,Bristol ,MA
Rehoboth,Bristol ,MA
Somerset,Bristol ,MA
South Attleborough,Bristol ,MA
South Easton,Bristol ,MA
Swansea,Bristol ,MA
Taunton,Bristol ,MA
Tiverton Four,Bristol ,MA
Westport,Bristol ,MA
Aquinnah,Dukes ,MA
Chilmark,Dukes ,MA
Chop,Dukes ,MA
East Chop,Dukes ,MA
East Ville,Dukes ,MA
Edgartown,Dukes ,MA
Gay Head,Dukes ,MA
Gosnold,Dukes ,MA
Katama,Dukes ,MA
Martha's Vineyard,Dukes ,MA
North Tisbury,Dukes ,MA
Oak Bluffs,Dukes ,MA
Tisbury,Dukes ,MA
Vineyard Haven,Dukes ,MA
West Chop,Dukes ,MA
West Tisbury,Dukes ,MA
West Tisbury,Dukes ,MA
Amesbury,Essex ,MA
Andover,Essex ,MA
Beach Bluff,Essex ,MA
Beverly,Essex ,MA
Boxford,Essex ,MA
Bradford,Essex ,MA
Byfield,Essex ,MA
Clifton,Essex ,MA
Cliftondale,Essex ,MA
Danvers,Essex ,MA
East Saugus,Essex ,MA
Essex,Essex ,MA
Georgetown,Essex ,MA
Gloucester,Essex ,MA
Greenwood,Essex ,MA
Groveland,Essex ,MA
Hamilton,Essex ,MA
Haverhill,Essex ,MA
Ipswich,Essex ,MA
Lawrence,Essex ,MA
Little Neck,Essex ,MA
Lynn,Essex ,MA
Lynnfield,Essex ,MA
Manchester,Essex ,MA
Marblehead,Essex ,MA
Merrimac,Essex ,MA
Methuen,Essex ,MA
Middleton,Essex ,MA
Nahant,Essex ,MA
Newbury,Essex ,MA
Newburyport,Essex ,MA
North Andover,Essex ,MA
North Saugus,Essex ,MA
Oakland Vale,Essex ,MA
Peabody,Essex ,MA
Pigeon Cove,Essex ,MA
Plum Island,Essex ,MA
Rockport,Essex ,MA
Rowley,Essex ,MA
Salem,Essex ,MA
Salisbury,Essex ,MA
Saugus,Essex ,MA
Swampscott,Essex ,MA
Topsfield,Essex ,MA
Wenham,Essex ,MA
West Andover,Essex ,MA
West Newbury,Essex ,MA
Adamsville,Franklin ,MA
Ashfield,Franklin ,MA
Bernardston,Franklin ,MA
Buckland,Franklin ,MA
Charlemont,Franklin ,MA
Colrain,Franklin ,MA
Conway,Franklin ,MA
Deerfield,Franklin ,MA
East Deerfield,Franklin ,MA
East Leverett,Franklin ,MA
East Northfield,Franklin ,MA
Erving,Franklin ,MA
Gill,Franklin ,MA
Greenfield,Franklin ,MA
Hatfield,Franklin ,MA
Hawley,Franklin ,MA
Heath,Franklin ,MA
Lake Pleasant,Franklin ,MA
Leverett,Franklin ,MA
Leyden,Franklin ,MA
Lock Village,Franklin ,MA
Millers Falls,Franklin ,MA
Monroe,Franklin ,MA
Montague,Franklin ,MA
Moores Corner,Franklin ,MA
New Salem,Franklin ,MA
North Bernardston,Franklin ,MA
North Orange,Franklin ,MA
Northfield,Franklin ,MA
Orange,Franklin ,MA
Rowe,Franklin ,MA
Shelburne,Franklin ,MA
Shutesbury,Franklin ,MA
Spruce Corner,Franklin ,MA
Sunderland,Franklin ,MA
Tully,Franklin ,MA
Turner Falls,Franklin ,MA
Warwick,Franklin ,MA
Wendell,Franklin ,MA
West Cummington,Franklin ,MA
West Orange,Franklin ,MA
West Whateley,Franklin ,MA
Whately,Franklin ,MA
Blandford,Hampden,MA
Chester,Hampden,MA
Hampden,Hampden,MA
Holland,Hampden,MA
Holyoke,Hampden,MA
Ludlow,Hampden,MA
Montgomery,Hampden,MA
Palmer,Hampden,MA
Tolland,Hampden,MA
West Springfield,Hampden,MA
Westfield,Hampden,MA
Agawam,Hampden ,MA
Brimfield,Hampden ,MA
Chicopee,Hampden ,MA
East Brimfield,Hampden ,MA
East Longmeadow,Hampden ,MA
Feeding Hills,Hampden ,MA
Fentonville,Hampden ,MA
Granville,Hampden ,MA
Hadley Falls,Hampden ,MA
Longmeadow,Hampden ,MA
Monson,Hampden ,MA
North Blandford,Hampden ,MA
North Monson,Hampden ,MA
Russell,Hampden ,MA
Southwick,Hampden ,MA
Springfield,Hampden ,MA
Three Rivers,Hampden ,MA
Wales,Hampden ,MA
West Farms,Hampden ,MA
West Field,Hampden ,MA
West Granville,Hampden ,MA
West Springfield,Hampden ,MA
Wilbraham,Hampden ,MA
Woronoco,Hampden ,MA
Amherst,Hampshire ,MA
Belchertown,Hampshire ,MA
Chesterfield,Hampshire ,MA
Cummington,Hampshire ,MA
Cushman,Hampshire ,MA
Easthampton,Hampshire ,MA
Goshen,Hampshire ,MA
Granby,Hampshire ,MA
Hadley,Hampshire ,MA
Haydenville,Hampshire ,MA
Huntington,Hampshire ,MA
Leeds,Hampshire ,MA
Middlefield,Hampshire ,MA
North Amherst,Hampshire ,MA
North Hatfield,Hampshire ,MA
Northampton,Hampshire ,MA
Pelham,Hampshire ,MA
Plainfield,Hampshire ,MA
South Hadley,Hampshire ,MA
Southampton,Hampshire ,MA
Swift River,Hampshire ,MA
Ware,Hampshire ,MA
West Cummington,Hampshire ,MA
West Hatfield,Hampshire ,MA
Westhampton,Hampshire ,MA
Williamsburg,Hampshire ,MA
Worthington,Hampshire ,MA
Holliston,Middlesex,MA
Acton,Middlesex ,MA
Arlington,Middlesex ,MA
Ashby,Middlesex ,MA
Ashland,Middlesex ,MA
Ayer,Middlesex ,MA
Ballardvale,Middlesex ,MA
Bedford,Middlesex ,MA
Belmont,Middlesex ,MA
Billerica,Middlesex ,MA
Boxborough,Middlesex ,MA
Burlington,Middlesex ,MA
Cambridge,Middlesex ,MA
Carlisle,Middlesex ,MA
Chelmsford,Middlesex ,MA
Collinsville,Middlesex ,MA
Concord,Middlesex ,MA
Dracut,Middlesex ,MA
Dunstable,Middlesex ,MA
Everett,Middlesex ,MA
Forge Village,Middlesex ,MA
Framingham,Middlesex ,MA
Groton,Middlesex ,MA
Hopkinton,Middlesex ,MA
Hudson,Middlesex ,MA
Lexington,Middlesex ,MA
Lincoln,Middlesex ,MA
Littleton,Middlesex ,MA
Lowell,Middlesex ,MA
Malden,Middlesex ,MA
Marlborough,Middlesex ,MA
Maynard,Middlesex ,MA
Medford,Middlesex ,MA
Melrose,Middlesex ,MA
Natick,Middlesex ,MA
Newton,Middlesex ,MA
North Billerica,Middlesex ,MA
North Reading,Middlesex ,MA
Pepperell,Middlesex ,MA
Reading,Middlesex ,MA
Saxonville,Middlesex ,MA
Sherborn,Middlesex ,MA
Shirley,Middlesex ,MA
Somerville,Middlesex ,MA
Stoneham,Middlesex ,MA
Stow,Middlesex ,MA
Sudbury,Middlesex ,MA
Tewksbury,Middlesex ,MA
Townsend,Middlesex ,MA
Tyngsborough,Middlesex ,MA
Wakefield,Middlesex ,MA
Waltham,Middlesex ,MA
Watertown,Middlesex ,MA
Wayland,Middlesex ,MA
Westford,Middlesex ,MA
Weston,Middlesex ,MA
Wilmington,Middlesex ,MA
Winchester,Middlesex ,MA
Woburn,Middlesex ,MA
Madaket,Nantucket ,MA
Monomay,Nantucket ,MA
Nantucket,Nantucket ,MA
Polpis,Nantucket ,MA
Quidnet,Nantucket ,MA
Sankaty Head,Nantucket ,MA
Siasconset,Nantucket ,MA
Surfside,Nantucket ,MA
Wauwinet,Nantucket ,MA
Avon,Norfolk ,MA
Bellingham,Norfolk ,MA
Braintree,Norfolk ,MA
Brookline,Norfolk ,MA
Canton,Norfolk ,MA
Cohasset,Norfolk ,MA
Dedham,Norfolk ,MA
Dover,Norfolk ,MA
Foxborough,Norfolk ,MA
Franklin,Norfolk ,MA
Holbrook,Norfolk ,MA
Medfield,Norfolk ,MA
Medway,Norfolk ,MA
Millis,Norfolk ,MA
Milton,Norfolk ,MA
Needham,Norfolk ,MA
Norfolk,Norfolk ,MA
Norwood,Norfolk ,MA
Plainville,Norfolk ,MA
Quincy,Norfolk ,MA
Randolph,Norfolk ,MA
Sharon,Norfolk ,MA
Sheldenville,Norfolk ,MA
Stoughton,Norfolk ,MA
Walpole,Norfolk ,MA
Wellesley,Norfolk ,MA
West Medway,Norfolk ,MA
Westwood,Norfolk ,MA
Weymouth,Norfolk ,MA
Wrentham,Norfolk ,MA
Abington,Plymouth ,MA
Assinipp,Plymouth ,MA
Beechwood,Plymouth ,MA
Bridgewater,Plymouth ,MA
Brockton,Plymouth ,MA
Carver,Plymouth ,MA
Duxbury,Plymouth ,MA
East Bridgewater,Plymouth ,MA
Elmwood,Plymouth ,MA
Faye,Plymouth ,MA
Green Harbor,Plymouth ,MA
Greenbush,Plymouth ,MA
Halifax,Plymouth ,MA
Hanover,Plymouth ,MA
Hanson,Plymouth ,MA
Hingham,Plymouth ,MA
Hull,Plymouth ,MA
Humarock,Plymouth ,MA
Kingston,Plymouth ,MA
Lakeville,Plymouth ,MA
Marion,Plymouth ,MA
Marshfield,Plymouth ,MA
Mattapoisett,Plymouth ,MA
Middleborough,Plymouth ,MA
Millbrook,Plymouth ,MA
Myricks,Plymouth ,MA
North Marshfield,Plymouth ,MA
North Plymouth,Plymouth ,MA
North Situate,Plymouth ,MA
Norwell,Plymouth ,MA
Ocean Bluff,Plymouth ,MA
Pembroke,Plymouth ,MA
Plymouth,Plymouth ,MA
Plympton,Plymouth ,MA
Rochester,Plymouth ,MA
Rockland,Plymouth ,MA
Rockwell,Plymouth ,MA
Scituate,Plymouth ,MA
Scotland,Plymouth ,MA
South Carver,Plymouth ,MA
Wareham,Plymouth ,MA
West Bridgewater,Plymouth ,MA
West Bridgewater,Plymouth ,MA
Whitman,Plymouth ,MA
Boston,Suffolk ,MA
Chelsea,Suffolk ,MA
Medford,Suffolk ,MA
Revere,Suffolk ,MA
Winthrop,Suffolk ,MA
Ashburnham,Worcester ,MA
Athol,Worcester ,MA
Auburn,Worcester ,MA
Baldwinville,Worcester ,MA
Barre,Worcester ,MA
Barre Plains,Worcester ,MA
Berlin,Worcester ,MA
Blackstone,Worcester ,MA
Bolton,Worcester ,MA
Boylston,Worcester ,MA
Brookfield,Worcester ,MA
Charlton,Worcester ,MA
Cherry Valley,Worcester ,MA
Clinton,Worcester ,MA
Douglas,Worcester ,MA
Dudley,Worcester ,MA
East Brookfield,Worcester ,MA
East Princeton,Worcester ,MA
Fitchburg,Worcester ,MA
Furnace,Worcester ,MA
Gardner,Worcester ,MA
Grafton,Worcester ,MA
Hardwick,Worcester ,MA
Harvard,Worcester ,MA
Hillsville,Worcester ,MA
Holden,Worcester ,MA
Hopedale,Worcester ,MA
Hubbardston,Worcester ,MA
Jefferson,Worcester ,MA
Lakeview,Worcester ,MA
Lancaster,Worcester ,MA
Larnedville,Worcester ,MA
Leicester,Worcester ,MA
Leominster,Worcester ,MA
Lunenburg,Worcester ,MA
Mendon,Worcester ,MA
Milford,Worcester ,MA
Millbury,Worcester ,MA
Millville,Worcester ,MA
New Braintree,Worcester ,MA
North Brookfield,Worcester ,MA
North Grafton,Worcester ,MA
Northborough,Worcester ,MA
Northbridge,Worcester ,MA
Oakham,Worcester ,MA
Oxford,Worcester ,MA
Paxton,Worcester ,MA
Petersham,Worcester ,MA
Phillipston,Worcester ,MA
Powers Mills,Worcester ,MA
Princeton,Worcester ,MA
Rochdale,Worcester ,MA
Royalston,Worcester ,MA
Rutland,Worcester ,MA
Shrewsbury,Worcester ,MA
South Barre,Worcester ,MA
South Royalston,Worcester ,MA
Southborough,Worcester ,MA
Southbridge,Worcester ,MA
Spencer,Worcester ,MA
Sterling,Worcester ,MA
Still River,Worcester ,MA
Sturbridge,Worcester ,MA
Sutton,Worcester ,MA
Templeton,Worcester ,MA
Upton,Worcester ,MA
Uxbridge,Worcester ,MA
Warren,Worcester ,MA
Webster,Worcester ,MA
West Boylston,Worcester ,MA
West Brookfield,Worcester ,MA
West Dudley,Worcester ,MA
Westborough,Worcester ,MA
Westminster,Worcester ,MA
Whitinsville,Worcester ,MA
Williamsville,Worcester ,MA
Winchendon,Worcester ,MA
Worcester,Worcester ,MA
Durham,Androscoggin,ME
Greene,Androscoggin,ME
Leeds,Androscoggin,ME
Lewiston,Androscoggin,ME
Lisbon,Androscoggin,ME
Livermore,Androscoggin,ME
Livermore Falls,Androscoggin,ME
Mechanic Falls,Androscoggin,ME
Minot,Androscoggin,ME
Poland,Androscoggin,ME
Sabattus,Androscoggin,ME
Turner,Androscoggin,ME
Wales,Androscoggin,ME
Auburn,Androscoggin,ME
Allagash,Aroostook,ME
Amity,Aroostook,ME
Ashland,Aroostook,ME
Bancroft,Aroostook,ME
Blaine,Aroostook,ME
Bridgewater,Aroostook,ME
Castle Hill,Aroostook,ME
Caswell,Aroostook,ME
Chapman,Aroostook,ME
Crystal,Aroostook,ME
Dyer Brook,Aroostook,ME
Eagle Lake,Aroostook,ME
Easton,Aroostook,ME
Fort Fairfield,Aroostook,ME
Fort Kent,Aroostook,ME
Frenchville,Aroostook,ME
Grand Isle,Aroostook,ME
Hamlin,Aroostook,ME
Hammond,Aroostook,ME
Haynesville,Aroostook,ME
Hersey,Aroostook,ME
Hodgdon,Aroostook,ME
Houlton,Aroostook,ME
Island Falls,Aroostook,ME
Limestone,Aroostook,ME
Linneus,Aroostook,ME
Littleton,Aroostook,ME
Ludlow,Aroostook,ME
Madawaska,Aroostook,ME
Mapleton,Aroostook,ME
Mars Hill,Aroostook,ME
Masardis,Aroostook,ME
Merrill,Aroostook,ME
Monticello,Aroostook,ME
New Canada,Aroostook,ME
New Limerick,Aroostook,ME
New Sweden,Aroostook,ME
Oakfield,Aroostook,ME
Orient,Aroostook,ME
Perham,Aroostook,ME
Portage Lake,Aroostook,ME
Presque Isle,Aroostook,ME
Saint Agatha,Aroostook,ME
Saint Francis,Aroostook,ME
Sherman,Aroostook,ME
Smyrna,Aroostook,ME
Stockholm,Aroostook,ME
Van Buren,Aroostook,ME
Wade,Aroostook,ME
Washburn,Aroostook,ME
Westfield,Aroostook,ME
Westmanland,Aroostook,ME
Weston,Aroostook,ME
Woodland,Aroostook,ME
Caribou,Aroostook,ME
Baldwin,Cumberland,ME
Bridgton,Cumberland,ME
Brunswick,Cumberland,ME
Cape Elizabeth,Cumberland,ME
Casco,Cumberland,ME
Cumberland,Cumberland,ME
Falmouth,Cumberland,ME
Freeport,Cumberland,ME
Gorham,Cumberland,ME
Gray,Cumberland,ME
Harpswell,Cumberland,ME
Harrison,Cumberland,ME
Naples,Cumberland,ME
New Gloucester,Cumberland,ME
North Yarmouth,Cumberland,ME
Pownal,Cumberland,ME
Raymond,Cumberland,ME
Scarborough,Cumberland,ME
Sebago,Cumberland,ME
South Portland,Cumberland,ME
Standish,Cumberland,ME
Westbrook,Cumberland,ME
Windham,Cumberland,ME
Yarmouth,Cumberland,ME
Portland,Cumberland,ME
Carrabassett Valley,Franklin,ME
Carthage,Franklin,ME
Chesterville,Franklin,ME
Coplin,Franklin,ME
Dallas,Franklin,ME
Eustis,Franklin,ME
Farmington,Franklin,ME
Industry,Franklin,ME
Jay,Franklin,ME
Kingfield,Franklin,ME
Madrid,Franklin,ME
New Sharon,Franklin,ME
New Vineyard,Franklin,ME
Phillips,Franklin,ME
Rangeley,Franklin,ME
Rangeley,Franklin,ME
Sandy River,Franklin,ME
Strong,Franklin,ME
Temple,Franklin,ME
Weld,Franklin,ME
Wilton,Franklin,ME
Avon,Franklin,ME
 Winter Harbor,Hancock,ME
Amherst,Hancock,ME
Aurora,Hancock,ME
Bar Harbor,Hancock,ME
Blue Hill,Hancock,ME
Brooklin,Hancock,ME
Brooksvile,Hancock,ME
Bucksport,Hancock,ME
Castine,Hancock,ME
Cranberry Isles,Hancock,ME
Dedham,Hancock,ME
Deer Isle,Hancock,ME
Eastbrook,Hancock,ME
Franklin,Hancock,ME
Frenchboro,Hancock,ME
Gouldsboro,Hancock,ME
Great Pond,Hancock,ME
Hancock,Hancock,ME
Lamoine,Hancock,ME
Mariaville,Hancock,ME
Mount Desert,Hancock,ME
Orland,Hancock,ME
Osborn,Hancock,ME
Otis,Hancock,ME
Penobscot,Hancock,ME
Sedgwick,Hancock,ME
Sorrento,Hancock,ME
Southwest Harbor,Hancock,ME
Stonington,Hancock,ME
Sullivan,Hancock,ME
Surry,Hancock,ME
Swans Island,Hancock,ME
Tremont,Hancock,ME
Trenton,Hancock,ME
Verona,Hancock,ME
Waltham,Hancock,ME
Ellsworth,Hancock,ME
Albion,Kennebec,ME
Belgrade,Kennebec,ME
Benton,Kennebec,ME
Chelsea,Kennebec,ME
China,Kennebec,ME
Clinton,Kennebec,ME
Farmingdale,Kennebec,ME
Fayette,Kennebec,ME
Gardiner,Kennebec,ME
Hallowell,Kennebec,ME
Litchfield,Kennebec,ME
Manchester,Kennebec,ME
Monmouth,Kennebec,ME
Mount Vernon,Kennebec,ME
Oakland,Kennebec,ME
Pittston,Kennebec,ME
Randolph,Kennebec,ME
Readfield,Kennebec,ME
Rome,Kennebec,ME
Sidney,Kennebec,ME
Vienna,Kennebec,ME
Waterville,Kennebec,ME
Wayne,Kennebec,ME
West Gardiner,Kennebec,ME
Windsor,Kennebec,ME
Winslow,Kennebec,ME
Winthrop,Kennebec,ME
Augusta,Kennebec,ME
Vassalboro,Kennebec,ME
Appleton,Knox,ME
Camden,Knox,ME
Cushing,Knox,ME
Friendship,Knox,ME
Hope,Knox,ME
Isle au Haut,Knox,ME
Matinicus Island,Knox,ME
North Haven,Knox,ME
Owls Head,Knox,ME
Rockport,Knox,ME
South Thomaston,Knox,ME
St. George,Knox,ME
Thomaston,Knox,ME
Union,Knox,ME
Vinalhaven,Knox,ME
Warren,Knox,ME
Washington,Knox,ME
Rockland,Knox,ME
Boothbay,Lincoln,ME
Boothbay Harbor,Lincoln,ME
Bremen,Lincoln,ME
Bristol,Lincoln,ME
Damariscotta,Lincoln,ME
Dresden,Lincoln,ME
Edgecomb,Lincoln,ME
Jefferson,Lincoln,ME
Monhegan,Lincoln,ME
Newcastle,Lincoln,ME
Nobleboro,Lincoln,ME
Somerville,Lincoln,ME
South Bristol,Lincoln,ME
Southport,Lincoln,ME
Waldoboro,Lincoln,ME
Westport,Lincoln,ME
Whitefield,Lincoln,ME
Wiscasset,Lincoln,ME
Alna,Lincoln,ME
Bethel,Oxford,ME
Brownfield,Oxford,ME
Buckfield,Oxford,ME
Byron,Oxford,ME
Canton,Oxford,ME
Denmark,Oxford,ME
Dixfield,Oxford,ME
Fryeburg,Oxford,ME
Gilead,Oxford,ME
Greenwood,Oxford,ME
Hanover,Oxford,ME
Hartford,Oxford,ME
Hebron,Oxford,ME
Hiram,Oxford,ME
Lincoln,Oxford,ME
Lovell,Oxford,ME
Magalloway,Oxford,ME
Mexico,Oxford,ME
Newry,Oxford,ME
Norway,Oxford,ME
Otisfield,Oxford,ME
Oxford,Oxford,ME
Paris,Oxford,ME
Peru,Oxford,ME
Porter,Oxford,ME
Roxbury,Oxford,ME
Rumford,Oxford,ME
Stoneham,Oxford,ME
Stowe,Oxford,ME
Sumner,Oxford,ME
Sweden,Oxford,ME
Upton,Oxford,ME
Waterford,Oxford,ME
West Paris,Oxford,ME
Woodstock,Oxford,ME
Andover,Oxford,ME
Alton,Penobscot,ME
Bradford,Penobscot,ME
Bradley,Penobscot,ME
Brewer,Penobscot,ME
Burlington,Penobscot,ME
Carmel,Penobscot,ME
Carroll,Penobscot,ME
Charleston,Penobscot,ME
Chester,Penobscot,ME
Clifton,Penobscot,ME
Corinna,Penobscot,ME
Corinth,Penobscot,ME
Dexter,Penobscot,ME
Dixmont,Penobscot,ME
Drew,Penobscot,ME
East Millinocket,Penobscot,ME
Eddington,Penobscot,ME
Edinburg,Penobscot,ME
Enfield,Penobscot,ME
Etna,Penobscot,ME
Exeter,Penobscot,ME
Garland,Penobscot,ME
Glenburn,Penobscot,ME
Greenbush,Penobscot,ME
Greenfield,Penobscot,ME
Hampden,Penobscot,ME
Hermon,Penobscot,ME
Holden,Penobscot,ME
Howland,Penobscot,ME
Hudson,Penobscot,ME
Indian Island,Penobscot,ME
Kenduskeag,Penobscot,ME
Lagrange,Penobscot,ME
Lakeville,Penobscot,ME
Lee,Penobscot,ME
Levant,Penobscot,ME
Lincoln,Penobscot,ME
Lowell,Penobscot,ME
Mattawamkeag,Penobscot,ME
Maxfield,Penobscot,ME
Medway,Penobscot,ME
Milford,Penobscot,ME
Millinocket,Penobscot,ME
Mount Chase,Penobscot,ME
Newburgh,Penobscot,ME
Newport,Penobscot,ME
Old Town,Penobscot,ME
Orono,Penobscot,ME
Orrington,Penobscot,ME
Passadumkeag,Penobscot,ME
Patten,Penobscot,ME
Plymouth,Penobscot,ME
Prentiss,Penobscot,ME
Sebois,Penobscot,ME
Springfield,Penobscot,ME
Stacyville,Penobscot,ME
Stetson,Penobscot,ME
Veazie,Penobscot,ME
Webster,Penobscot,ME
Winn,Penobscot,ME
Woodville,Penobscot,ME
Bangor,Penobscot,ME
Atkinson,Piscataquis,ME
Beaver Cove,Piscataquis,ME
Bowerbank,Piscataquis,ME
Brownville,Piscataquis,ME
Dover-Foxcroft,Piscataquis,ME
Greenville,Piscataquis,ME
Guilford,Piscataquis,ME
Kingsbury,Piscataquis,ME
Lake View,Piscataquis,ME
Medford,Piscataquis,ME
Milo,Piscataquis,ME
Monson,Piscataquis,ME
Parkman,Piscataquis,ME
Sangerville,Piscataquis,ME
Sebec,Piscataquis,ME
Shirley,Piscataquis,ME
Wellington,Piscataquis,ME
Willimantic,Piscataquis,ME
Abbott,Piscataquis,ME
Arrowsic,Sagadahoc,ME
Bowdoin,Sagadahoc,ME
Bowdoinham,Sagadahoc,ME
Georgetown,Sagadahoc,ME
Phippsburg,Sagadahoc,ME
Richmond,Sagadahoc,ME
Topsham,Sagadahoc,ME
West Bath,Sagadahoc,ME
Woolwich,Sagadahoc,ME
Bath,Sagadahoc,ME
Bingham,Somerset,ME
Brighton,Somerset,ME
Cambridge,Somerset,ME
Canaan,Somerset,ME
Caratunk,Somerset,ME
Cornville,Somerset,ME
Dennistown,Somerset,ME
Detroit,Somerset,ME
Embden,Somerset,ME
Fairfield,Somerset,ME
Harmony,Somerset,ME
Hartland,Somerset,ME
Highland,Somerset,ME
Jackman,Somerset,ME
Madison,Somerset,ME
Mercer,Somerset,ME
Moose River,Somerset,ME
Moscow,Somerset,ME
New Portland,Somerset,ME
Norridgewock,Somerset,ME
Palmyra,Somerset,ME
Pittsfield,Somerset,ME
Pleasant Ridge,Somerset,ME
Ripley,Somerset,ME
Saint Albans,Somerset,ME
Skowhegan,Somerset,ME
Smithfield,Somerset,ME
Solon,Somerset,ME
Starks,Somerset,ME
The Forks,Somerset,ME
West Forks.,Somerset,ME
Anson,Somerset,ME
Athens,Somerset,ME
Belmont,Waldo,ME
Brooks,Waldo,ME
Burnham,Waldo,ME
Frankfort,Waldo,ME
Freedom,Waldo,ME
Islesboro,Waldo,ME
Jackson,Waldo,ME
Knox,Waldo,ME
Liberty,Waldo,ME
Lincolnville,Waldo,ME
Monroe,Waldo,ME
Montville,Waldo,ME
Morrill,Waldo,ME
Northport,Waldo,ME
Palermo,Waldo,ME
Prospect,Waldo,ME
Searsmont,Waldo,ME
Searsport,Waldo,ME
Stockton Springs,Waldo,ME
Swanville,Waldo,ME
Thorndike,Waldo,ME
Troy,Waldo,ME
Unity,Waldo,ME
Waldo,Waldo,ME
Belfast,Waldo,ME
Winterport,Waldo,ME
Addison,Washington,ME
Alexander,Washington,ME
Baileyville,Washington,ME
Baring,Washington,ME
Beals,Washington,ME
Beddington,Washington,ME
Centerville,Washington,ME
Charlotte,Washington,ME
Cherryfield,Washington,ME
Codyville,Washington,ME
Columbia,Washington,ME
Columbia Falls,Washington,ME
Cooper,Washington,ME
Crawford,Washington,ME
Cutler,Washington,ME
Danforth,Washington,ME
Deblois,Washington,ME
Dennysville,Washington,ME
East Machias,Washington,ME
Eastport,Washington,ME
Grand Lake Stream,Washington,ME
Harrington,Washington,ME
Indian Township,Washington,ME
Jonesboro,Washington,ME
Jonesport,Washington,ME
Lubec,Washington,ME
Machais,Washington,ME
Machiasport,Washington,ME
Marshfield,Washington,ME
Meddybemps,Washington,ME
Milbridge,Washington,ME
Northfield,Washington,ME
Pembroke,Washington,ME
Perry,Washington,ME
Princeton,Washington,ME
Robbinston,Washington,ME
Roque Bluffs,Washington,ME
Steuben,Washington,ME
Talmadge,Washington,ME
Topsfield,Washington,ME
Vanceboro,Washington,ME
Waite,Washington,ME
Wesley,Washington,ME
Whiting,Washington,ME
Whitneyville,Washington,ME
Calais,Washington,ME
Acton,York,ME
Alfred,York,ME
Arundel,York,ME
Berwick,York,ME
Buxton,York,ME
Cornish,York,ME
Dayton,York,ME
Eliot,York,ME
Hollis,York,ME
Kennebunk,York,ME
Kennebunkport,York,ME
Kittery,York,ME
Lebanon,York,ME
Limerick,York,ME
Limington,York,ME
Lyman,York,ME
Newfield,York,ME
North Berwick,York,ME
Ogunquit,York,ME
Old Orchard Beach,York,ME
Parsonsfield,York,ME
Saco,York,ME
Sanford,York,ME
Shapleigh,York,ME
South Berwick,York,ME
Waterboro,York,ME
Wells,York,ME
York,York,ME
Biddeford,York,ME
Barrington,Bristol,RI
Bristol,Bristol,RI
Warren,Bristol,RI
Coventry,Kent,RI
East Greenwich,Kent,RI
Warwick,Kent,RI
West Greenwich,Kent,RI
West Warwick,Kent,RI
Jamestown,Newport,RI
Little Compton,Newport,RI
Middle,Newport,RI
Newport,Newport,RI
Portsmouth,Newport,RI
Tiverton,Newport,RI
Burrillville,Providence,RI
Central Falls,Providence,RI
Cranston,Providence,RI
Cumberland,Providence,RI
East Providence,Providence,RI
Foster,Providence,RI
Glocester,Providence,RI
Johnston,Providence,RI
Lincoln,Providence,RI
North Providence,Providence,RI
North Smithfield,Providence,RI
Pawtucket,Providence,RI
Providence,Providence,RI
Scituate,Providence,RI
Smithfield,Providence,RI
Woonsocket,Providence,RI
Charlestown,Washington,RI
Exeter,Washington,RI
Hopkinton,Washington,RI
Narragansett,Washington,RI
New Shoreham,Washington,RI
North Kingstown,Washington,RI
Rchmond,Washington,RI
South Kingstown,Washington,RI
Westerly,Washington,RI
Addison,Addison,VT
Bridport,Addison,VT
Bristol,Addison,VT
Cornwall,Addison,VT
Ferrisburgh,Addison,VT
Goshen,Addison,VT
Granville,Addison,VT
Hancock,Addison,VT
Leicester,Addison,VT
Lincoln,Addison,VT
Middlebury,Addison,VT
Monkton,Addison,VT
New Haven,Addison,VT
Orwell,Addison,VT
Panton,Addison,VT
Ripton,Addison,VT
Salisbury,Addison,VT
Shoreham,Addison,VT
Starksboro,Addison,VT
Vergennes,Addison,VT
Waltham,Addison,VT
Weybridge,Addison,VT
Whiting,Addison,VT
Alton,Belknap,VT
Barnstead,Belknap,VT
Belmont,Belknap,VT
Center Harbor,Belknap,VT
Gilford,Belknap,VT
Gilmanton,Belknap,VT
Laconia,Belknap,VT
Meredith,Belknap,VT
New Hampton,Belknap,VT
Sanbornton,Belknap,VT
Tilton,Belknap,VT
Arlington,Bennington,VT
Bennington,Bennington,VT
Dorset,Bennington,VT
Landgrove,Bennington,VT
Manchester,Bennington,VT
Peru,Bennington,VT
Pownal,Bennington,VT
Readsboro,Bennington,VT
Rupert,Bennington,VT
Sandgate,Bennington,VT
Searsburg,Bennington,VT
Shaftsbury,Bennington,VT
Stamford,Bennington,VT
Sunderland,Bennington,VT
Winhall,Bennington,VT
Woodford,Bennington,VT
Barnet,Caledonia,VT
Burke,Caledonia,VT
Danville,Caledonia,VT
Groton,Caledonia,VT
Hardwick,Caledonia,VT
Kirby,Caledonia,VT
Lyndon,Caledonia,VT
Newark,Caledonia,VT
Peacham,Caledonia,VT
Ryegate,Caledonia,VT
Sheffield,Caledonia,VT
St. Johnsbury,Caledonia,VT
Stannard,Caledonia,VT
Sutton,Caledonia,VT
Walden,Caledonia,VT
Waterford,Caledonia,VT
Wheelock,Caledonia,VT
Alstead,Cheshire,VT
Chesterfield,Cheshire,VT
Dublin,Cheshire,VT
Fitzwilliam,Cheshire,VT
Gilsum,Cheshire,VT
Harrisville,Cheshire,VT
Hinsdale,Cheshire,VT
Jaffrey,Cheshire,VT
Keene,Cheshire,VT
Marlborough,Cheshire,VT
Marlow,Cheshire,VT
Nelson,Cheshire,VT
Richmond,Cheshire,VT
Rindge,Cheshire,VT
Roxbury,Cheshire,VT
Stoddard,Cheshire,VT
Sullivan,Cheshire,VT
Surry,Cheshire,VT
Swanzey,Cheshire,VT
Troy,Cheshire,VT
Walpole,Cheshire,VT
Westmoreland,Cheshire,VT
Winchester,Cheshire,VT
Bolton,Chittenden,VT
Burlington,Chittenden,VT
Charlotte,Chittenden,VT
Colchester,Chittenden,VT
Essex,Chittenden,VT
Hinesburg,Chittenden,VT
Huntington,Chittenden,VT
Jericho,Chittenden,VT
Milton,Chittenden,VT
Richmond,Chittenden,VT
Shelburne,Chittenden,VT
South Burlington,Chittenden,VT
St. George,Chittenden,VT
Underhill,Chittenden,VT
Westford,Chittenden,VT
Williston,Chittenden,VT
Winooski,Chittenden,VT
Atk. & Gilmanton Academy Gt,Coos,VT
Bean's Grant,Coos,VT
Bean's Purchase,Coos,VT
Berlin,Coos,VT
Cambridge,Coos,VT
Carroll,Coos,VT
Chandler's Purchase,Coos,VT
Clarksville,Coos,VT
Colebrook,Coos,VT
Columbia,Coos,VT
Crawford's Purchase,Coos,VT
Cutt's Grant,Coos,VT
Dalton,Coos,VT
Dix's Grant,Coos,VT
Dixville,Coos,VT
Dummer,Coos,VT
Errol,Coos,VT
Erving's Location,Coos,VT
Gorham,Coos,VT
Green's Grant,Coos,VT
Hadley's Purchase,Coos,VT
Jefferson,Coos,VT
Kilkenny,Coos,VT
Lancaster,Coos,VT
Low & Burbank's Gt.,Coos,VT
Martin's Location,Coos,VT
Milan,Coos,VT
Millsfield,Coos,VT
Northumberland,Coos,VT
Odell,Coos,VT
Pinkham's Grant,Coos,VT
Pittsburg,Coos,VT
Randolph,Coos,VT
Sargent's Purchase,Coos,VT
Second College Gt.,Coos,VT
Shelburne,Coos,VT
Stark,Coos,VT
Stewartstown,Coos,VT
Stratford,Coos,VT
Success,Coos,VT
Thompson & Mes's Pur.,Coos,VT
Wentworth's Loc.,Coos,VT
Whitefield,Coos,VT
Bloomfield,Essex,VT
Brighton,Essex,VT
Brunswick,Essex,VT
Canaan,Essex,VT
Concord,Essex,VT
East Haven,Essex,VT
Granby,Essex,VT
Guildhall,Essex,VT
Lemington,Essex,VT
Lunenburg,Essex,VT
Maidstone,Essex,VT
Norton,Essex,VT
Victory,Essex,VT
Bakersfield,Franklin,VT
Berkshire,Franklin,VT
Enosburg,Franklin,VT
Fairfax,Franklin,VT
Fairfield,Franklin,VT
Fletcher,Franklin,VT
Franklin,Franklin,VT
Georgia,Franklin,VT
Highgate,Franklin,VT
Montgomery,Franklin,VT
Richford,Franklin,VT
Sheldon,Franklin,VT
St. Albans City,Franklin,VT
St. Albans Town,Franklin,VT
Swanton,Franklin,VT
Alexandria,Grafton,VT
Ashland,Grafton,VT
Bath,Grafton,VT
Benton,Grafton,VT
Bethlehem,Grafton,VT
Bridgewater,Grafton,VT
Bristol,Grafton,VT
Campton,Grafton,VT
Canaan,Grafton,VT
Dorchester,Grafton,VT
Easton,Grafton,VT
Ellsworth,Grafton,VT
Enfield,Grafton,VT
Franconia,Grafton,VT
Grafton,Grafton,VT
Groton,Grafton,VT
Hanover,Grafton,VT
Haverhill,Grafton,VT
Hebron,Grafton,VT
Holderness,Grafton,VT
Landaff,Grafton,VT
Lebanon,Grafton,VT
Lincoln,Grafton,VT
Lisbon,Grafton,VT
Littleton,Grafton,VT
Livermore,Grafton,VT
Lyman,Grafton,VT
Lyme,Grafton,VT
Monroe,Grafton,VT
Orange,Grafton,VT
Orford,Grafton,VT
Piermont,Grafton,VT
Plymouth,Grafton,VT
Rumney,Grafton,VT
Sugar Hill,Grafton,VT
Thornton,Grafton,VT
Warren,Grafton,VT
Waterville Valley,Grafton,VT
Wentworth,Grafton,VT
Woodstock,Grafton,VT
Alburg,Grand Isle,VT
Grand Isle,Grand Isle,VT
Isle LaMotte,Grand Isle,VT
North Hero,Grand Isle,VT
South Hero,Grand Isle,VT
Amherst,Hillsborough,VT
Antrim,Hillsborough,VT
Bedford,Hillsborough,VT
Bennington,Hillsborough,VT
Brookline,Hillsborough,VT
Deering,Hillsborough,VT
Francestown,Hillsborough,VT
Goffstown,Hillsborough,VT
Greenfield,Hillsborough,VT
Greenville,Hillsborough,VT
Hancock,Hillsborough,VT
Hillsborough,Hillsborough,VT
Hollis,Hillsborough,VT
Hudson,Hillsborough,VT
Litchfield,Hillsborough,VT
Lyndeborough,Hillsborough,VT
Manchester,Hillsborough,VT
Mason,Hillsborough,VT
Merrimack,Hillsborough,VT
Milford,Hillsborough,VT
Mont Vernon,Hillsborough,VT
Nashua,Hillsborough,VT
New Boston,Hillsborough,VT
New Ipswich,Hillsborough,VT
Pelham,Hillsborough,VT
Peterborough,Hillsborough,VT
Sharon,Hillsborough,VT
Temple,Hillsborough,VT
Weare,Hillsborough,VT
Wilton,Hillsborough,VT
Windsor,Hillsborough,VT
Belvidere,Lamoille,VT
Cambridge,Lamoille,VT
Eden,Lamoille,VT
Elmore,Lamoille,VT
Hyde Park,Lamoille,VT
Johnson,Lamoille,VT
Morristown,Lamoille,VT
Stowe,Lamoille,VT
Waterville,Lamoille,VT
Wolcott,Lamoille,VT
Allenstown,Merrimack,VT
Andover,Merrimack,VT
Boscawen,Merrimack,VT
Bow,Merrimack,VT
Bradford,Merrimack,VT
Canterbury,Merrimack,VT
Chichester,Merrimack,VT
Concord,Merrimack,VT
Danbury,Merrimack,VT
Dunbarton,Merrimack,VT
Epsom,Merrimack,VT
Franklin,Merrimack,VT
Henniker,Merrimack,VT
Hill,Merrimack,VT
Hooksett,Merrimack,VT
Hopkinton,Merrimack,VT
Loudon,Merrimack,VT
New London,Merrimack,VT
Newbury,Merrimack,VT
Northfield,Merrimack,VT
Pembroke,Merrimack,VT
Pittsfield,Merrimack,VT
Salisbury,Merrimack,VT
Sutton,Merrimack,VT
Warner,Merrimack,VT
Webster,Merrimack,VT
Wilmot,Merrimack,VT
Bradford,Orange,VT
Braintree,Orange,VT
Brookfield,Orange,VT
Chelsea,Orange,VT
Corinth,Orange,VT
Fairlee,Orange,VT
Newbury,Orange,VT
Orange,Orange,VT
Randolph,Orange,VT
Strafford,Orange,VT
Thetford,Orange,VT
Topsham,Orange,VT
Tunbridge,Orange,VT
Vershire,Orange,VT
Washington,Orange,VT
West Fairlee,Orange,VT
Williamstown,Orange,VT
Albany,Orleans,VT
Barton,Orleans,VT
Brownington,Orleans,VT
Charleston,Orleans,VT
Coventry,Orleans,VT
Craftsbury,Orleans,VT
Derby,Orleans,VT
Glover,Orleans,VT
Greensboro,Orleans,VT
Holland Irasburg,Orleans,VT
Jay,Orleans,VT
Lowell,Orleans,VT
Morgan,Orleans,VT
Newport City,Orleans,VT
Newport Town,Orleans,VT
Troy,Orleans,VT
Westfield,Orleans,VT
Westmore,Orleans,VT
Atkinson,Rockingham,VT
Auburn,Rockingham,VT
Brentwood,Rockingham,VT
Candia,Rockingham,VT
Chester,Rockingham,VT
Danville,Rockingham,VT
Deerfield,Rockingham,VT
Derry,Rockingham,VT
East Kingston,Rockingham,VT
Epping,Rockingham,VT
Exeter,Rockingham,VT
Fremont,Rockingham,VT
Greenland,Rockingham,VT
Hampstead,Rockingham,VT
Hampton,Rockingham,VT
Hampton Falls,Rockingham,VT
Kensington,Rockingham,VT
Kingston,Rockingham,VT
Londonderry,Rockingham,VT
New Castle,Rockingham,VT
Newfields,Rockingham,VT
Newington,Rockingham,VT
Newmarket,Rockingham,VT
Newton,Rockingham,VT
North Hampton,Rockingham,VT
Northwood,Rockingham,VT
Nottingham,Rockingham,VT
Plaistow,Rockingham,VT
Portsmouth,Rockingham,VT
Raymond,Rockingham,VT
Rye,Rockingham,VT
Salem,Rockingham,VT
Sandown,Rockingham,VT
Seabrook,Rockingham,VT
South Hampton,Rockingham,VT
Stratham,Rockingham,VT
Windham,Rockingham,VT
Benson,Rutland,VT
Brandon,Rutland,VT
Castleton,Rutland,VT
Chittenden,Rutland,VT
Clarendon,Rutland,VT
Danby,Rutland,VT
Fair Haven,Rutland,VT
Hubbardton,Rutland,VT
Ira,Rutland,VT
Killington,Rutland,VT
Mendon,Rutland,VT
Middletown Springs,Rutland,VT
Mount Holly,Rutland,VT
Mount Tabor,Rutland,VT
Pawlet,Rutland,VT
Pittsfield,Rutland,VT
Pittsford,Rutland,VT
Poultney,Rutland,VT
Proctor,Rutland,VT
Rutland City,Rutland,VT
Shrewsbury,Rutland,VT
Sudbury,Rutland,VT
Tinmouth,Rutland,VT
Wallingford,Rutland,VT
Wells,Rutland,VT
West Haven,Rutland,VT
West Rutland,Rutland,VT
Barrington,Strafford,VT
Dover,Strafford,VT
Durham,Strafford,VT
Farmington,Strafford,VT
Lee,Strafford,VT
Madbury,Strafford,VT
Middleton,Strafford,VT
Milton,Strafford,VT
Milton,Strafford,VT
New Durham,Strafford,VT
New Durham,Strafford,VT
Rochester,Strafford,VT
Rochester,Strafford,VT
Rollinsford,Strafford,VT
Rollinsford,Strafford,VT
Somersworth,Strafford,VT
Somersworth,Strafford,VT
Strafford,Strafford,VT
Strafford,Strafford,VT
Acworth,Sullivan,VT
Acworth,Sullivan,VT
Charlestown,Sullivan,VT
Charlestown,Sullivan,VT
Claremont,Sullivan,VT
Claremont,Sullivan,VT
Cornish,Sullivan,VT
Cornish,Sullivan,VT
Croydon,Sullivan,VT
Croydon,Sullivan,VT
Goshen,Sullivan,VT
Goshen,Sullivan,VT
Grantham,Sullivan,VT
Grantham,Sullivan,VT
Langdon,Sullivan,VT
Langdon,Sullivan,VT
Lempster,Sullivan,VT
Lempster,Sullivan,VT
Newport,Sullivan,VT
Newport,Sullivan,VT
Plainfield,Sullivan,VT
Plainfield,Sullivan,VT
Springfield,Sullivan,VT
Springfield,Sullivan,VT
Sunapee,Sullivan,VT
Sunapee,Sullivan,VT
Unity,Sullivan,VT
Unity,Sullivan,VT
Washington,Sullivan,VT
Washington,Sullivan,VT
Barre City,Washington,VT
Barre Town,Washington,VT
Berlin,Washington,VT
Cabot,Washington,VT
Calais,Washington,VT
Duxbury,Washington,VT
East Montpelier,Washington,VT
Fayston,Washington,VT
Marshfield,Washington,VT
Middlesex,Washington,VT
Montpelier,Washington,VT
Moretown,Washington,VT
Northfield,Washington,VT
Plainfield,Washington,VT
Roxbury,Washington,VT
Waitsfield,Washington,VT
Warren,Washington,VT
Waterbury,Washington,VT
Woodbury,Washington,VT
Worcester,Washington,VT
Athens,Windham,VT
Brattleboro,Windham,VT
Brattleboro - Windham,Windham,VT
Brookline,Windham,VT
Dover,Windham,VT
Dummerston,Windham,VT
Grafton,Windham,VT
Guilford,Windham,VT
Halifax,Windham,VT
Jamaica,Windham,VT
Londonderry,Windham,VT
Marlboro,Windham,VT
Newfane,Windham,VT
Putney,Windham,VT
Rockingham,Windham,VT
Stratton,Windham,VT
Townshend,Windham,VT
Vernon,Windham,VT
Wardsboro,Windham,VT
Westminster,Windham,VT
Westminster - Windham,Windham,VT
Whitingham,Windham,VT
Wilmington,Windham,VT
Windham,Windham,VT
Andover,Windsor,VT
Baltimore,Windsor,VT
Barnard,Windsor,VT
Bethel,Windsor,VT
Bridgewater,Windsor,VT
Cavendish,Windsor,VT
Chester,Windsor,VT
Hartford,Windsor,VT
Hartford - Windsor,Windsor,VT
Hartland,Windsor,VT
Ludlow,Windsor,VT
Norwich,Windsor,VT
Plymouth,Windsor,VT
Pomfret,Windsor,VT
Reading,Windsor,VT
Rochester,Windsor,VT
Royalton,Windsor,VT
Sharon,Windsor,VT
Springfield,Windsor,VT
Springfield - Windsor,Windsor,VT
Stockbridge,Windsor,VT
Weathersfield,Windsor,VT
West Windsor,Windsor,VT
Weston,Windsor,VT
Windsor,Windsor,VT
Woodstock,Windsor,VT
Alton,Belknap,NH
Barnstead,Belknap,NH
Belmont,Belknap,NH
Center Harbor,Belknap,NH
Gilford ,Belknap,NH
Gilmanton,Belknap,NH
Laconia ,Belknap,NH
Meredith,Belknap,NH
New Hampton,Belknap,NH
Sanbornton,Belknap,NH
Tilton ,Belknap,NH
Albany ,Carroll,NH
Bartlett ,Carroll,NH
Brookfield ,Carroll,NH
Chatham ,Carroll,NH
Conway ,Carroll,NH
Eaton ,Carroll,NH
Effingham,Carroll,NH
Freedom ,Carroll,NH
Hale's Location,Carroll,NH
Hart's Location,Carroll,NH
Jackson ,Carroll,NH
Madison,Carroll,NH
Moultonborough,Carroll,NH
Ossipee ,Carroll,NH
Sandwich,Carroll,NH
Tamworth,Carroll,NH
Tuftonboro,Carroll,NH
Wakefield ,Carroll,NH
Wolfeboro,Carroll,NH
Alstead ,Cheshire,NH
Chesterfield,Cheshire,NH
Dublin ,Cheshire,NH
Fitzwilliam,Cheshire,NH
Gilsum ,Cheshire,NH
Harrisville,Cheshire,NH
Hinsdale ,Cheshire,NH
Jaffrey ,Cheshire,NH
Keene,Cheshire,NH
Marlborough,Cheshire,NH
Marlow ,Cheshire,NH
Nelson ,Cheshire,NH
Richmond,Cheshire,NH
Rindge ,Cheshire,NH
Roxbury,Cheshire,NH
Stoddard,Cheshire,NH
Sullivan,Cheshire,NH
Surry ,Cheshire,NH
Swanzey,Cheshire,NH
Troy ,Cheshire,NH
Walpole,Cheshire,NH
Westmoreland,Cheshire,NH
Winchester,Cheshire,NH
Atk. & Gilmanton Academy Gt,Coos,NH
Bean's Grant ,Coos,NH
Bean's Purchase,Coos,NH
Berlin,Coos,NH
Cambridge,Coos,NH
Carroll ,Coos,NH
Chandler's Purchase,Coos,NH
Clarksville ,Coos,NH
Colebrook,Coos,NH
Columbia ,Coos,NH
Crawford's Purchase,Coos,NH
Cutt's Grant,Coos,NH
Dalton ,Coos,NH
Dix's Grant,Coos,NH
Dixville,Coos,NH
Dummer ,Coos,NH
Errol,Coos,NH
Erving's Location,Coos,NH
Gorham ,Coos,NH
Green's Grant,Coos,NH
Hadley's Purchase,Coos,NH
Jefferson,Coos,NH
Kilkenny,Coos,NH
Lancaster,Coos,NH
Low & Burbank's Gt.,Coos,NH
Martin's Location,Coos,NH
Milan,Coos,NH
Millsfield,Coos,NH
Northumberland,Coos,NH
Odell ,Coos,NH
Pinkham's Grant,Coos,NH
Pittsburg ,Coos,NH
Randolph ,Coos,NH
Sargent's Purchase,Coos,NH
Second College Gt.,Coos,NH
Shelburne,Coos,NH
Stark,Coos,NH
Stewartstown,Coos,NH
Stratford,Coos,NH
Success,Coos,NH
Thompson & Mes's Pur.,Coos,NH
Wentworth's Loc.,Coos,NH
Whitefield,Coos,NH
Alexandria ,Grafton,NH
Ashland ,Grafton,NH
Bath ,Grafton,NH
Benton,Grafton,NH
Bethlehem,Grafton,NH
Bridgewater,Grafton,NH
Bristol ,Grafton,NH
Campton,Grafton,NH
Canaan,Grafton,NH
Dorchester,Grafton,NH
Easton ,Grafton,NH
Ellsworth,Grafton,NH
Enfield ,Grafton,NH
Franconia,Grafton,NH
Grafton ,Grafton,NH
Groton ,Grafton,NH
Hanover,Grafton,NH
Haverhill,Grafton,NH
Hebron ,Grafton,NH
Holderness,Grafton,NH
Landaff ,Grafton,NH
Lebanon,Grafton,NH
Lincoln,Grafton,NH
Lisbon ,Grafton,NH
Littleton,Grafton,NH
Livermore,Grafton,NH
Lyman ,Grafton,NH
Lyme ,Grafton,NH
Monroe,Grafton,NH
Orange ,Grafton,NH
Orford,Grafton,NH
Piermont,Grafton,NH
Plymouth,Grafton,NH
Rumney ,Grafton,NH
Sugar Hill,Grafton,NH
Thornton ,Grafton,NH
Warren ,Grafton,NH
Waterville Valley,Grafton,NH
Wentworth ,Grafton,NH
Woodstock,Grafton,NH
Amherst,Hillsborough,NH
Antrim ,Hillsborough,NH
Bedford,Hillsborough,NH
Bennington,Hillsborough,NH
Brookline ,Hillsborough,NH
Deering ,Hillsborough,NH
Francestown,Hillsborough,NH
Goffstown ,Hillsborough,NH
Greenfield,Hillsborough,NH
Greenville,Hillsborough,NH
Hancock ,Hillsborough,NH
Hillsborough,Hillsborough,NH
Hollis ,Hillsborough,NH
Hudson ,Hillsborough,NH
Litchfield,Hillsborough,NH
Lyndeborough,Hillsborough,NH
Manchester ,Hillsborough,NH
Mason,Hillsborough,NH
Merrimack,Hillsborough,NH
Milford ,Hillsborough,NH
Mont Vernon ,Hillsborough,NH
Nashua ,Hillsborough,NH
New Boston,Hillsborough,NH
New Ipswich,Hillsborough,NH
Pelham ,Hillsborough,NH
Peterborough,Hillsborough,NH
Sharon ,Hillsborough,NH
Temple ,Hillsborough,NH
Weare ,Hillsborough,NH
Wilton ,Hillsborough,NH
Windsor,Hillsborough,NH
Allenstown ,Merrimack,NH
Andover ,Merrimack,NH
Boscawen ,Merrimack,NH
Bow ,Merrimack,NH
Bradford,Merrimack,NH
Canterbury,Merrimack,NH
Chichester ,Merrimack,NH
Concord ,Merrimack,NH
Danbury,Merrimack,NH
Dunbarton ,Merrimack,NH
Epsom ,Merrimack,NH
Franklin ,Merrimack,NH
Henniker,Merrimack,NH
Hill ,Merrimack,NH
Hooksett,Merrimack,NH
Hopkinton,Merrimack,NH
Loudon ,Merrimack,NH
Newbury ,Merrimack,NH
New London,Merrimack,NH
Northfield ,Merrimack,NH
Pembroke ,Merrimack,NH
Pittsfield ,Merrimack,NH
Salisbury ,Merrimack,NH
Sutton ,Merrimack,NH
Warner ,Merrimack,NH
Webster,Merrimack,NH
Wilmot,Merrimack,NH
Atkinson ,Merrimack,NH
Auburn ,Rockingham,NH
Brentwood ,Rockingham,NH
Candia ,Rockingham,NH
Chester ,Rockingham,NH
Danville,Rockingham,NH
Deerfield ,Rockingham,NH
Derry ,Rockingham,NH
East Kingston,Rockingham,NH
Epping ,Rockingham,NH
Exeter ,Rockingham,NH
Fremont ,Rockingham,NH
Greenland ,Rockingham,NH
Hampstead ,Rockingham,NH
Hampton ,Rockingham,NH
Hampton Falls,Rockingham,NH
Kensington ,Rockingham,NH
Kingston ,Rockingham,NH
Londonderry,Rockingham,NH
New Castle,Rockingham,NH
Newfields,Rockingham,NH
Newington,Rockingham,NH
Newmarket,Rockingham,NH
Newton ,Rockingham,NH
North Hampton,Rockingham,NH
Northwood ,Rockingham,NH
Nottingham,Rockingham,NH
Plaistow ,Rockingham,NH
Portsmouth,Rockingham,NH
Raymond,Rockingham,NH
Rye ,Rockingham,NH
Salem,Rockingham,NH
Sandown,Rockingham,NH
Seabrook,Rockingham,NH
South Hampton ,Rockingham,NH
Stratham ,Rockingham,NH
Windham,Rockingham,NH
Barrington ,Rockingham,NH
Dover ,Rockingham,NH
Durham,Strafford,NH
Farmington,Strafford,NH
Lee ,Strafford,NH
Madbury ,Strafford,NH
Middleton,Strafford,NH
Milton ,Strafford,NH
New Durham,Strafford,NH
Rochester ,Strafford,NH
Rollinsford ,Strafford,NH
Somersworth ,Strafford,NH
Strafford,Strafford,NH
Acworth ,Strafford,NH
Charlestown,Strafford,NH
Claremont ,Sullivan,NH
Cornish,Sullivan,NH
Croydon,Sullivan,NH
Goshen ,Sullivan,NH
Grantham ,Sullivan,NH
Langdon ,Sullivan,NH
Lempster ,Sullivan,NH
Newport ,Sullivan,NH
Plainfield,Sullivan,NH
Springfield ,Sullivan,NH
Sunapee ,Sullivan,NH
Unity ,Sullivan,NH
Washington,Sullivan,NH