County;TotPrecincts;PrecinctsReporting;Bush;Kerry;Nader;
Abington;4;4;3442;4179;0;
Acton;6;6;3478;7047;0;
Acushnet;3;3;1696;3789;0;
Adams;5;5;972;3042;0;
Agawam;8;8;5971;7683;0;
Alford;1;1;88;205;0;
Amesbury;6;6;3225;4588;0;
Amherst;10;10;1463;9705;0;
Andover;9;9;7883;9177;0;
Aquinnah;1;1;22;270;0;
Arlington;21;21;6422;17821;0;
Ashburnham;1;1;1424;1651;0;
Ashby;1;1;889;829;0;
Ashfield;1;1;236;836;0;
Ashland;4;4;3036;4712;0;
Athol;3;3;2092;2463;0;
Attleboro;12;12;7702;9838;0;
Auburn;5;5;3729;4979;0;
Avon;1;1;1039;1351;0;
Ayer;2;2;1315;1613;0;
Barnstable;13;13;11913;13183;0;
Barre;2;2;1173;1321;0;
Becket;1;1;280;538;0;
Bedford;4;4;2593;4158;0;
Belchertown;4;4;2458;4300;0;
Bellingham;5;5;3388;4354;0;
Belmont;8;8;4274;8923;0;
Berkley;1;1;1357;1541;0;
Berlin;1;1;696;843;0;
Bernardston;1;1;447;762;0;
Beverly;12;12;7785;11513;0;
Billerica;11;11;8422;9399;0;
Blackstone;3;3;1816;2206;0;
Blandford;1;1;322;309;0;
Bolton;1;1;1177;1421;0;
Boston;254;254;44103;158922;0;
Bourne;6;6;4034;4190;0;
Boxborough;1;1;989;1528;0;
Boxford;3;3;2664;2059;0;
Boylston;1;1;1113;1302;0;
Braintree;12;12;7792;10207;0;
Brewster;3;3;2725;3822;0;
Bridgewater;7;7;5499;5561;0;
Brimfield;1;1;893;917;0;
Brockton;28;28;10041;20019;0;
Brookfield;1;1;782;816;0;
Brookline;16;16;5202;21065;0;
Buckland;1;1;312;684;0;
Burlington;6;6;5238;6745;0;
Cambridge;33;33;5275;35241;0;
Canton;6;6;4864;6461;0;
Carlisle;1;1;1124;1946;0;
Carver;3;3;2728;3050;0;
Charlemont;1;1;223;431;0;
Charlton;3;3;2983;1639;0;
Chatham;2;2;2340;2421;0;
Chelmsford;9;9;8478;9670;0;
Chelsea;16;16;1823;5116;0;
Cheshire;1;1;542;1251;0;
Chester;1;1;330;322;0;
Chesterfield;1;1;293;362;0;
Chicopee;26;26;7956;14640;0;
Chilmark;1;1;156;577;0;
Clarksburg;1;1;267;592;0;
Clinton;4;4;2397;3514;0;
Cohasset;2;2;2164;2284;0;
Colrain;1;1;314;545;0;
Concord;5;5;3179;6774;0;
Conway;1;1;309;844;0;
Cummington;1;1;173;370;0;
Dalton;2;2;1039;2446;0;
Danvers;8;8;6086;7046;0;
Dartmouth;10;10;4848;10204;0;
Dedham;7;7;4859;7392;0;
Deerfield;1;1;861;2114;0;
Dennis;5;5;4320;5236;0;
Dighton;1;1;1475;1743;0;
Douglas;2;2;2048;1866;0;
Dover;1;1;1685;1602;0;
Dracut;10;10;6671;6972;0;
Dudley;4;4;2173;2617;0;
Dunstable;1;1;883;842;0;
Duxbury;6;6;4581;4454;0;
East Bridgewater;4;4;3393;3116;0;
East Brookfield;1;1;623;467;0;
East Longmeadow;4;4;3993;4204;0;
Eastham;1;1;1479;2227;0;
Easthampton;5;5;2651;5496;0;
Easton;6;6;5418;5856;0;
Edgartown;1;1;793;1532;0;
Egremont;1;1;199;591;0;
Erving;1;1;263;499;0;
Essex;1;1;954;1123;0;
Everett;18;18;4025;8719;0;
Fairhaven;6;6;2413;5663;0;
Fall River;30;30;7225;23396;0;
Falmouth;9;9;7775;11212;0;
Fitchburg;12;12;5007;8416;0;
Florida;1;1;131;267;0;
Foxborough;5;5;4010;4618;0;
Framingham;18;18;8433;17195;0;
Franklin;8;8;6851;8135;0;
Freetown;3;3;1909;2428;0;
Gardner;11;11;2950;5014;0;
Georgetown;2;2;2088;2095;0;
Gill;1;1;262;618;0;
Gloucester;10;10;5054;9280;0;
Goshen;1;1;202;361;0;
Gosnold;1;1;34;41;0;
Grafton;4;4;3651;4293;0;
Granby;1;1;1405;1894;0;
Granville;1;1;449;374;0;
Great Barrington;4;4;727;2927;0;
Greenfield;9;9;2366;5955;0;
Groton;3;3;2540;3162;0;
Groveland;1;1;1754;1780;0;
Hadley;1;1;953;2049;0;
Halifax;2;2;1893;1894;0;
Hamilton;3;3;2374;2117;0;
Hampden;1;1;1420;1376;0;
Hancock;1;1;143;251;0;
Hanover;4;4;3967;3563;0;
Hanson;3;3;2534;2570;0;
Hardwick;1;1;548;778;0;
Harvard;1;1;1199;2082;0;
Harwich;4;4;3687;4329;0;
Hatfield;1;1;689;1369;0;
Haverhill;21;21;10253;13879;0;
Hawley;1;1;68;121;0;
Heath;1;1;156;267;0;
Hingham;6;6;5605;6213;0;
Hinsdale;1;1;310;741;0;
Holbrook;4;4;2283;3043;0;
Holden;5;5;4683;4986;0;
Holland;1;1;578;570;0;
Holliston;4;4;3070;4565;0;
Holyoke;14;14;4505;10006;0;
Hopedale;1;1;1372;1822;0;
Hopkinton;4;4;3594;3896;0;
Hubbardston;1;1;1106;1065;0;
Hudson;7;7;3481;5265;0;
Hull;3;3;2030;3742;0;
Huntington;1;1;492;530;0;
Ipswich;4;4;3356;4281;0;
Kingston;4;4;3057;3226;0;
Lakeville;3;3;2912;2389;0;
Lancaster;2;2;1651;1653;0;
Lanesborough;1;1;482;1128;0;
Lawrence;24;24;4783;11482;0;
Lee;6;6;855;2155;0;
Leicester;4;4;2315;2772;0;
Lenox;1;1;801;2247;0;
Leominster;15;15;7288;10001;0;
Leverett;1;1;193;947;0;
Lexington;9;9;4824;12298;0;
Leyden;1;1;138;310;0;
Lincoln;3;3;919;2428;0;
Littleton;3;3;2010;2769;0;
Longmeadow;5;5;3623;5133;0;
Lowell;33;33;10528;18144;0;
Ludlow;6;6;3578;5684;0;
Lunenburg;4;4;2475;2831;0;
Lynn;28;28;8360;19360;0;
Lynnfield;4;4;3625;3163;0;
Malden;16;16;5725;13984;0;
Manchester;1;1;1426;1821;0;
Mansfield;6;6;4933;5775;0;
Marblehead;7;7;4749;7128;0;
Marion;1;1;1267;1738;0;
Marlborough;14;14;6404;8817;0;
Marshfield;7;7;6366;6926;0;
Mashpee;5;5;3561;4076;0;
Mattapoisett;2;2;1654;2200;0;
Maynard;4;4;1983;3445;0;
Medfield;4;4;3214;3614;0;
Medford;16;16;7837;17494;0;
Medway;4;4;3087;3613;0;
Melrose;14;14;5589;9300;0;
Mendon;1;1;1576;1422;0;
Merrimac;1;1;1567;1792;0;
Methuen;12;12;9034;9997;0;
Middleborough;6;6;5123;4783;0;
Middlefield;1;1;115;178;0;
Middleton;2;2;1936;1832;0;
Milford;7;7;4774;7008;0;
Millbury;4;4;2713;3410;0;
Millis;3;3;1924;2407;0;
Millville;1;1;688;718;0;
Milton;11;11;5452;9179;0;
Monroe;1;1;21;40;0;
Monson;3;3;1773;2237;0;
Montague;6;6;1136;2905;0;
Monterey;1;1;120;414;0;
Montgomery;1;1;249;213;0;
Mount Washington;1;1;25;76;0;
Nahant;1;1;819;1394;0;
Nantucket;1;1;2040;3601;0;
Natick;10;10;6000;10846;0;
Needham;10;10;5832;10722;0;
New Ashford;1;1;53;92;0;
New Bedford;42;42;7325;25546;0;
New Braintree;1;1;243;263;0;
New Marlborough;1;1;256;533;0;
New Salem;1;1;221;359;0;
Newbury;2;2;1862;2155;0;
Newburyport;7;7;3680;6488;0;
Newton;31;31;9943;31846;0;
Norfolk;4;4;2626;2281;0;
North Adams;5;5;1440;4444;0;
North Andover;8;8;6854;6715;0;
North Attleborough;9;9;6473;6779;0;
North Brookfield;1;1;1186;1009;0;
North Reading;4;4;3881;3904;0;
Northampton;14;14;2790;12176;0;
Northborough;4;4;3350;4226;0;
Northbridge;4;4;3455;3330;0;
Northfield;1;1;581;1126;0;
Norton;5;5;3763;4228;0;
Norwell;3;3;3054;2847;0;
Norwood;9;9;5544;8114;0;
Oak Bluffs;1;1;697;1761;0;
Oakham;1;1;500;493;0;
Orange;2;2;1533;1581;0;
Orleans;2;2;2055;2406;0;
Otis;1;1;320;422;0;
Oxford;4;4;2814;3297;0;
Palmer;4;4;2428;3538;0;
Paxton;1;1;1166;1271;0;
Peabody;18;18;9528;15243;0;
Pelham;1;1;151;689;0;
Pembroke;5;5;4234;4637;0;
Pepperell;3;3;2930;2884;0;
Peru;1;1;148;252;0;
Petersham;1;1;336;439;0;
Phillipston;1;1;427;396;0;
Pittsfield;14;14;4954;15144;0;
Plainfield;1;1;105;256;0;
Plainville;2;2;1887;2008;0;
Plymouth;14;14;11864;14159;0;
Plympton;1;1;822;801;0;
Princeton;1;1;1011;1106;0;
Provincetown;1;1;284;2151;0;
Quincy;30;30;13364;24153;0;
Randolph;8;8;3738;9537;0;
Raynham;3;3;3083;3222;0;
Reading;8;8;5184;7226;0;
Rehoboth;3;3;2659;2881;0;
Revere;21;21;5351;10974;0;
Richmond;1;1;225;750;0;
Rochester;1;1;1364;1381;0;
Rockland;6;6;3652;4579;0;
Rockport;3;3;1637;2930;0;
Rowe;1;1;112;136;0;
Rowley;1;1;1645;1453;0;
Royalston;2;2;272;338;0;
Russell;1;1;383;389;0;
Rutland;2;2;1851;1771;0;
Salem;14;14;5529;12226;0;
Salisbury;2;2;1717;2197;0;
Sandisfield;1;1;133;267;0;
Sandwich;7;7;5977;5853;0;
Saugus;10;10;5561;7721;0;
Savoy;1;1;112;225;0;
Scituate;6;6;5070;5656;0;
Seekonk;4;4;3018;3910;0;
Sharon;5;5;2766;6689;0;
Sheffield;1;1;573;1207;0;
Shelburne;1;1;300;806;0;
Sherborn;1;1;1107;1494;0;
Shirley;1;1;1325;1533;0;
Shrewsbury;9;9;7104;8971;0;
Shutesbury;1;1;146;986;0;
Somerset;5;5;3210;6764;0;
Somerville;21;21;5208;24157;0;
South Hadley;5;5;3163;5333;0;
Southampton;1;1;1462;1677;0;
Southborough;3;3;2440;2915;0;
Southbridge;5;5;2514;3983;0;
Southwick;3;3;2313;2080;0;
Spencer;4;4;2504;2763;0;
Springfield;64;64;13028;33583;0;
Sterling;2;2;2249;2089;0;
Stockbridge;1;1;248;980;0;
Stoneham;7;7;4725;6921;0;
Stoughton;8;8;4865;8174;0;
Stow;1;1;1465;2194;0;
Sturbridge;2;2;2146;2466;0;
Sudbury;5;5;3597;6081;0;
Sunderland;1;1;379;1292;0;
Sutton;3;3;2478;2173;0;
Swampscott;6;6;2677;5188;0;
Swansea;5;5;3034;5253;0;
Taunton;16;16;7785;13170;0;
Templeton;2;2;1426;1866;0;
Tewksbury;8;8;6885;7730;0;
Tisbury;1;1;563;1653;0;
Tolland;1;1;128;109;0;
Topsfield;1;1;1889;1731;0;
Townsend;3;3;2421;2179;0;
Truro;1;1;392;1043;0;
Tyngsborough;4;4;2810;2749;0;
Tyringham;1;1;92;172;0;
Upton;1;1;1727;1961;0;
Uxbridge;4;4;3094;3456;0;
Wakefield;7;7;5633;7965;0;
Wales;1;1;415;466;0;
Walpole;8;8;6110;6496;0;
Waltham;18;18;8190;14468;0;
Ware;3;3;1654;2589;0;
Wareham;6;6;4094;5934;0;
Warren;1;1;1004;1151;0;
Warwick;1;1;123;269;0;
Washington;1;1;104;211;0;
Watertown;12;12;4186;10942;0;
Wayland;4;4;2591;5146;0;
Webster;5;5;2823;3573;0;
Wellesley;7;7;5120;8368;0;
Wellfleet;1;1;622;1437;0;
Wendell;1;1;69;429;0;
Wenham;1;1;1153;1075;0;
West Boylston;2;2;1774;1906;0;
West Bridgewater;2;2;1989;1666;0;
West Brookfield;1;1;889;963;0;
West Newbury;1;1;1183;1364;0;
West Springfield;8;8;5012;6645;0;
West Stockbridge;1;1;196;691;0;
West Tisbury;1;1;331;1389;0;
Westborough;5;5;3495;4893;0;
Westfield;12;12;7376;8848;0;
Westford;6;6;5400;5966;0;
Westhampton;1;1;409;573;0;
Westminster;2;2;1934;2009;0;
Weston;4;4;2567;3615;0;
Westport;5;5;2867;5139;0;
Westwood;4;4;3845;4366;0;
Weymouth;18;18;10888;15330;0;
Whately;1;1;280;635;0;
Whitman;4;4;3194;3595;0;
Wilbraham;4;4;3975;4075;0;
Williamsburg;1;1;388;1139;0;
Williamstown;3;3;758;2941;0;
Wilmington;6;6;5304;5835;0;
Winchendon;3;3;1815;2129;0;
Winchester;8;8;4811;7091;0;
Windsor;1;1;165;358;0;
Winthrop;6;6;3196;5540;0;
Woburn;14;14;7738;10313;0;
Worcester;50;50;17648;38264;0;
Worthington;1;1;268;500;0;
Wrentham;3;3;2854;2739;0;
Yarmouth;7;7;6510;7620;0;
