County;TotPrecincts;PrecinctsReporting;Bush;Kerry;Nader;
Abbot;1;1;239;169;6;
Acton;1;1;624;547;3;
Addison;1;1;368;277;12;
Albany Twp;1;1;102;155;4;
Albion;1;1;607;442;18;
Alexander;1;1;172;124;1;
Alfred;1;1;873;881;19;
Allagash;1;1;89;90;2;
Alna;1;1;186;276;4;
Alton;1;1;269;250;5;
Amherst;1;1;86;65;2;
Amity;1;1;54;47;1;
Andover;1;1;283;217;3;
Anson;1;1;573;608;23;
Appleton;1;1;368;408;9;
Arrowsic;1;1;104;238;9;
Arundel;1;1;1019;1044;24;
Ashland;1;1;338;332;11;
Athens;1;1;203;241;5;
Atkinson;1;1;109;104;5;
Auburn;5;5;5216;6865;135;
Augusta;5;5;4128;5492;122;
Aurora;1;1;56;22;2;
Avon;1;1;143;112;2;
Baileyville;1;1;376;410;7;
Baldwin;1;1;453;339;2;
Bancroft;1;1;17;12;1;
Bangor;9;9;7119;9145;138;
Bar Harbor;1;1;944;2188;53;
Baring;1;1;56;64;0;
Bath;8;8;2569;3521;83;
Beals;1;1;147;139;3;
Beaver Cove;1;1;67;39;1;
Beddington;1;1;22;13;0;
Belfast;3;3;1533;2270;41;
Belgrade;1;1;1003;930;16;
Belmont;1;1;234;240;1;
Benedicta Twp;1;1;53;43;3;
Benton;1;1;712;756;19;
Berwick;1;1;1862;1588;31;
Bethel;1;1;712;849;24;
Biddeford;7;7;3754;6427;111;
Bingham;1;1;297;309;4;
Blaine;1;1;316;138;1;
Blue Hill;1;1;613;1005;22;
Boothbay;1;1;1010;1053;14;
Boothbay Harbor;1;1;744;824;10;
Bowdoin;1;1;862;628;23;
Bowdoinham;1;1;734;942;31;
Bowerbank;1;1;57;32;0;
Bradford;1;1;337;274;10;
Bradley;1;1;313;463;11;
Bremen;1;1;230;298;3;
Brewer;2;2;2850;2510;46;
Bridgewater;1;1;204;135;0;
Bridgton;1;1;1372;1458;43;
Brighton Plt;1;0;0;0;0;
Bristol;1;1;893;1033;24;
Brooklin;1;1;222;385;4;
Brooks;1;1;298;253;10;
Brooksville;1;1;257;447;8;
Brookton Twp;1;1;82;36;2;
Brownfield;1;1;360;458;7;
Brownville;1;1;404;371;19;
Brunswick;8;8;4212;7233;156;
Buckfield;1;1;540;525;17;
Bucksport;1;1;1307;1450;29;
Burlington;1;1;122;90;0;
Burnham;1;1;298;335;8;
Buxton;1;1;2252;2172;30;
Byron;1;1;40;39;1;
Calais;1;1;878;720;14;
Cambridge;1;1;175;100;8;
Camden;1;1;1153;2277;33;
Canaan;1;1;460;558;12;
Canton;1;1;279;286;17;
Cape Elizabeth;1;1;2548;3679;52;
Caratunk;1;1;50;23;0;
Caribou;1;1;1863;2044;35;
Carmel;1;1;832;607;11;
Carrabassett Valley;1;1;181;263;5;
Carroll Plt;1;1;42;23;0;
Carthage;1;1;138;142;4;
Cary Plt;1;1;67;38;0;
Casco;1;1;1007;1036;21;
Castine;1;1;332;483;11;
Castle Hill;1;1;124;89;3;
Caswell;1;1;52;107;0;
Centerville;1;1;8;7;0;
Chapman;1;1;132;125;1;
Charleston;1;1;455;207;6;
Charlotte;1;1;114;72;3;
Chelsea;1;1;671;660;16;
Cherryfield;1;1;360;295;5;
Chester;1;1;176;101;9;
Chesterville;1;1;306;383;7;
China;1;1;1206;1114;22;
Clifton;1;1;220;224;2;
Clinton;1;1;837;837;13;
Codyville Plt;1;1;5;5;0;
Columbia;1;1;142;94;2;
Columbia Falls;1;1;183;147;1;
Connor Twp;1;1;56;150;1;
Cooper;1;1;38;56;1;
Coplin Plt;1;1;40;54;0;
Corinna;1;1;647;451;14;
Corinth;1;1;920;523;24;
Cornish;1;1;377;431;10;
Cornville;1;1;366;314;26;
Cranberry Isles;2;2;51;119;1;
Crawford;1;1;43;13;1;
Crystal;1;1;90;56;3;
Cumberland;2;2;2428;2504;44;
Cushing;1;1;384;397;8;
Cutler;1;1;164;97;5;
Cyr Plt;1;1;11;36;0;
Dallas Plt;1;1;108;109;0;
Damariscotta;1;1;598;770;19;
Danforth;1;1;184;102;5;
Dayton;1;1;613;507;15;
Deblois;1;1;22;13;0;
Dedham;1;1;530;478;11;
Deer Isle;1;1;413;785;11;
Denmark;1;1;348;297;8;
Dennistown Plt;1;1;20;1;1;
Dennysville;1;1;84;97;3;
Detroit;1;1;201;212;0;
Dexter;1;1;1039;871;21;
Dixfield;1;1;545;748;22;
Dixmont;1;1;350;300;7;
Dover-Foxcroft;1;1;1248;1046;34;
Dresden;1;1;458;517;13;
Drew Plt;1;1;21;3;0;
DTT9 T10 Twp;1;1;0;0;0;
Durham;1;1;1171;1129;23;
Dyer Brook;1;1;83;57;1;
Eagle Lake;1;1;162;326;6;
East Machias;1;1;383;297;5;
East Millinocket;1;1;474;640;11;
Eastbrook;1;1;126;99;7;
Easton;1;1;397;294;10;
Eastport;1;1;370;536;8;
Eddington;1;1;683;589;11;
Edgecomb;1;1;363;421;3;
Edinburg;1;1;43;51;2;
Edmunds Twp;1;1;92;74;6;
Eliot;1;1;1721;2164;27;
Ellsworth;4;4;2096;1896;53;
Embden;1;1;265;224;6;
Enfield;1;1;439;401;16;
Etna;1;1;301;249;5;
Eustis;1;1;184;199;9;
Exeter;1;1;329;238;5;
Fairfield;1;1;1492;1917;41;
Falmouth;1;1;3305;3683;68;
Farmingdale;1;1;807;879;15;
Farmington;1;1;1540;2484;48;
Fayette;1;1;291;402;12;
Fort Fairfield;1;1;858;983;15;
Fort Kent;1;1;624;1655;27;
Frankfort;1;1;282;289;3;
Franklin;1;1;425;345;10;
Freedom;1;1;178;216;7;
Freeman Twp;1;1;49;40;1;
Freeport;1;1;1906;3007;64;
Frenchboro;1;1;24;20;0;
Frenchville;1;1;156;511;3;
Friendship;1;1;461;301;11;
Frye Island;1;1;55;29;0;
Fryeburg;1;1;836;873;17;
Gardiner;4;4;1483;1716;46;
Garfield Plt;1;1;32;29;0;
Garland;1;1;321;236;14;
Georgetown;1;1;340;438;4;
Gilead;1;1;45;60;2;
Glenburn;1;1;1296;1047;17;
Glenwood Plt;1;1;2;0;0;
Gorham;4;4;4133;4393;72;
Gouldsboro;1;1;552;533;13;
Grand Isle;1;1;45;257;5;
Grand Lake Stream Plt;1;1;54;33;1;
Gray;1;1;2108;2102;51;
Great Pond;1;1;17;12;3;
Greenbush;1;1;392;296;8;
Greene;1;1;1248;1137;25;
Greenville;1;1;638;514;22;
Greenville Twps;1;1;0;0;0;
Greenwood;1;1;186;239;6;
Guilford;1;1;458;354;16;
Hallowell;5;5;562;1131;19;
Hamlin;1;1;39;84;1;
Hammond;1;1;30;18;1;
Hampden;1;1;2247;1933;38;
Hancock;1;1;623;593;11;
Hanover;1;1;94;78;3;
Harmony;1;1;209;233;3;
Harpswell;3;3;1583;2004;43;
Harrington;1;1;287;247;6;
Harrison;1;1;762;717;25;
Hartford;1;1;308;282;4;
Hartland;1;1;534;347;13;
Haynesville;1;1;41;18;0;
Hebron;1;1;317;308;10;
Hermon;1;1;1636;1114;34;
Hersey;1;1;24;8;0;
Highland Plt;1;1;77;56;6;
Hiram;2;2;559;648;16;
Hodgdon;1;1;441;212;4;
Holden;1;1;1119;856;12;
Hollis;1;1;1154;1170;24;
Hope;1;1;439;456;13;
Houlton;1;1;1696;1189;31;
Howland;1;1;353;382;6;
Hudson;1;1;448;273;6;
Indian Purchase T3&T4Twp;1;1;21;23;2;
Indian Township Vtng Dst;1;1;38;240;0;
Industry;1;1;240;264;3;
Island Falls;1;1;264;184;7;
Isle Au Haut;1;1;14;37;1;
Islesboro;1;1;151;318;6;
Jackman;1;1;280;234;6;
Jackson;1;1;141;135;5;
Jay;1;1;974;1790;31;
Jefferson;1;1;808;677;14;
Jonesboro;1;1;180;135;10;
Jonesport;1;1;310;347;6;
Kenduskeag;1;1;357;319;9;
Kennebunk;1;1;3328;3709;71;
Kennebunkport;1;1;1360;1308;27;
Kingfield;1;1;405;383;12;
Kingman Twp;1;1;58;22;2;
Kingsbury Plt;1;1;8;5;0;
Kittery;1;1;1901;3176;36;
Knox;1;1;252;172;7;
LaGrange;1;1;175;162;6;
Lake View Plt;1;1;46;30;1;
Lakeville;1;1;37;47;1;
Lamoine;1;1;514;520;13;
Lebanon;1;1;1552;1237;28;
Lee;1;1;313;186;3;
Leeds;1;1;540;582;22;
Levant;1;1;822;431;9;
Lewiston;8;8;6460;10867;191;
Liberty;1;1;265;295;6;
Limerick;1;1;711;711;20;
Limestone;1;1;441;574;14;
Limington;1;1;1063;857;23;
Lincoln;1;1;1461;1082;31;
Lincoln Plt;1;1;22;8;0;
Lincolnville;1;1;629;797;20;
Linneus;1;1;323;111;2;
Lisbon;2;2;2374;2372;65;
Litchfield;1;1;969;913;23;
Littleton;1;1;543;139;5;
Livermore;1;1;555;720;17;
Livermore Falls;1;1;577;906;15;
Long Island;1;1;74;128;4;
Lovell;1;1;367;333;7;
Lowell;1;1;111;83;0;
Lubec;1;1;343;572;2;
Ludlow;1;1;124;83;0;
Lyman;1;1;1105;1174;32;
Machias;1;1;506;558;16;
Machiasport;1;1;250;213;6;
Macwahoc Plt;1;1;25;33;0;
Madawaska;1;1;552;1601;24;
Madawaska Lake Twp;1;1;46;50;1;
Madison;1;1;1063;1303;22;
Madrid Twp;1;1;41;63;2;
Magalloway Plt;1;1;14;4;0;
Manchester;1;1;803;798;15;
Mapleton;1;1;594;458;12;
Mariaville;1;1;144;93;2;
Mars Hill;1;1;587;237;9;
Marshfield;1;1;174;101;1;
Masardis;1;1;74;73;2;
Matinicus Isle Plt;1;1;21;33;1;
Mattawamkeag;1;1;230;204;7;
Maxfield;1;1;31;23;2;
Mechanic Falls;1;1;820;702;20;
Meddybemps;1;1;57;41;0;
Medford;1;1;89;40;2;
Medway;1;1;480;312;1;
Mercer;1;1;181;205;6;
Merrill;1;1;68;62;2;
Mexico;1;1;467;962;31;
Milbridge;1;1;369;357;5;
Milford;1;1;675;944;21;
Millinocket;1;1;1188;1647;0;
Milo;1;1;616;628;19;
Milton Twp;1;1;36;50;1;
Minot;1;1;789;637;18;
Monhegan Plt;1;1;12;55;6;
Monmouth;2;2;1105;1075;23;
Monroe;1;1;237;285;5;
Monson;1;1;225;239;5;
Monticello;1;1;286;163;3;
Montville;1;1;223;353;15;
Moose River;1;1;87;41;0;
Moro Plt;1;1;28;1;2;
Morrill;1;1;288;204;4;
Moscow;1;1;126;137;2;
Mount Chase;1;1;101;29;2;
Mount Desert;1;1;533;950;20;
Mount Vernon;1;1;417;513;9;
Naples;1;1;1093;979;30;
Nashville Plt;1;1;12;18;0;
New Canada;1;1;54;104;1;
New Gloucester;1;1;1555;1438;36;
New Limerick;1;1;189;131;2;
New Portland;1;1;266;207;3;
New Sharon;1;1;377;424;27;
New Sweden;1;1;175;200;3;
New Vineyard;1;1;241;213;3;
Newburgh;1;1;469;402;7;
Newcastle;1;1;463;683;12;
Newfield;1;1;427;332;9;
Newport;1;1;947;656;14;
Newry;1;1;105;131;5;
Nobleboro;1;1;524;587;12;
Norridgewock;1;1;814;923;24;
North Berwick;1;1;1343;1177;37;
North Haven;1;1;108;157;3;
North Yarmouth;1;1;1069;1207;20;
Northfield;1;1;45;43;0;
Northport;1;1;435;499;13;
Norway;1;1;1128;1466;37;
Oakfield;1;1;217;153;7;
Oakland;1;1;1501;1716;42;
Ogunquit;1;1;408;604;7;
Old Orchrd Bch;1;1;2095;3240;51;
Old Town;4;4;1674;2729;41;
Orient;1;1;50;30;1;
Orland;1;1;548;749;15;
Orneville Twp;1;1;0;0;0;
Orono;4;4;1576;3649;49;
Orrington;1;1;1248;1017;17;
Osborn;1;1;37;14;0;
Otis;1;1;245;138;2;
Otisfield;1;1;505;491;17;
Owls Head;1;1;516;511;7;
Oxbow Plt;1;1;23;21;0;
Oxford;1;1;1028;952;23;
Palermo;1;1;435;336;13;
Palmyra;1;1;622;438;9;
Paris;1;1;1274;1374;34;
Parkman;1;1;254;163;7;
Parsonsfield;2;2;475;516;22;
Passadumkeag;1;1;131;73;4;
Patten;1;1;403;193;4;
Pembroke;1;1;224;264;3;
Penobscot;1;1;359;505;5;
Penobscot Nation Vot Dst;1;1;24;258;2;
Perham;1;1;144;102;0;
Perkins Twp;1;1;7;5;0;
Perry;1;1;207;197;4;
Peru;1;1;386;535;12;
Phillips;1;1;281;271;4;
Phippsburg;1;1;676;713;22;
Pittsfield;1;1;1087;986;17;
Pittston;1;1;815;766;17;
Pleasant Point Votng Dst;1;1;46;214;0;
Pleasant Ridge Plt;1;1;28;29;1;
Plymouth;1;1;430;279;3;
Poland;1;1;1465;1490;33;
Portage Lake;1;1;135;136;0;
Porter;1;1;415;383;8;
Portland;18;18;9438;26754;384;
Pownal;1;1;445;557;9;
Prentiss Twp;1;1;51;31;0;
Presque Isle;1;1;2268;2309;57;
Princeton;1;1;258;182;5;
Prospect;1;1;200;184;5;
Randolph;1;1;486;585;8;
Rangeley;1;1;440;295;13;
Rangeley Plt;1;1;63;44;0;
Raymond;1;1;1335;1314;33;
Readfield;1;1;725;893;27;
Reed Plt;1;1;60;21;1;
Richmond;1;1;895;935;29;
Ripley;1;1;153;116;3;
Robbinston;1;1;131;151;4;
Rockland;1;1;1497;2077;47;
Rockport;1;1;872;1224;18;
Rockwood Twp;1;1;146;71;6;
Rome;1;1;283;312;10;
Roque Bluffs;1;1;67;93;0;
Roxbury;1;1;89;173;4;
Rumford;1;1;1151;2060;58;
Sabattus;1;1;1212;1269;27;
Saco;7;7;3939;5884;76;
Saint Agatha;1;1;123;377;0;
Sandy River Plt;1;1;60;37;0;
Sanford;7;7;4634;5583;109;
Sangerville;1;1;363;323;7;
Scarborough;3;3;5569;5651;88;
Searsmont;1;1;357;377;4;
Searsport;1;1;724;756;9;
Sebago;1;1;554;498;10;
Sebec;1;1;242;148;2;
Seboeis Plt;1;1;16;18;1;
Sedgwick;1;1;286;440;5;
Shapleigh;1;1;743;757;21;
Sherman;1;1;350;160;10;
Shirley;1;1;79;47;2;
Sidney;1;1;1208;1077;20;
Sinclair Twp;1;1;30;110;0;
Skowhegan;1;1;1798;2511;40;
Smithfield;1;1;268;297;12;
Smyrna;1;1;88;86;1;
Solon;1;1;256;303;9;
Somerville;1;1;167;119;7;
Sorrento;1;1;77;137;3;
South Berwick;1;1;1848;2173;28;
South Bristol;1;1;297;386;9;
South Portland;6;6;4844;8913;168;
South Thomaston;1;1;454;503;12;
Southport;1;1;285;256;3;
Southwest Harbor;1;1;525;707;19;
Springfield;1;1;95;84;5;
St Albans;1;1;638;380;13;
St Francis;1;1;87;252;1;
St George;1;1;738;967;23;
St John Plt;1;1;57;123;3;
Stacyville;1;1;128;84;4;
Standish;1;1;2721;2436;45;
Starks;1;1;132;172;11;
Stetson;1;1;409;256;0;
Steuben;1;1;284;289;8;
Stockholm;1;1;45;86;0;
Stockton Springs;1;1;407;569;7;
Stoneham;1;1;77;99;2;
Stonington;1;1;226;474;10;
Stow;1;1;90;90;1;
Strong;1;1;353;309;26;
Sullivan;1;1;308;340;14;
Sumner;1;1;236;238;8;
Surry;1;1;418;531;7;
Swans Island;1;1;149;113;5;
Swanville;1;1;359;352;10;
Sweden;1;1;112;88;1;
T1-R9 Twp;1;1;0;0;0;
T17 R5 Twp (Grt/CrossLk);1;1;43;68;0;
T3 ND Twp;1;1;2;2;0;
Talmadge;1;1;24;11;0;
Temple;1;1;132;208;10;
The Forks Plt;1;1;35;15;0;
Thomaston;1;1;699;826;22;
Thorndike;1;1;195;214;2;
Topsfield;1;1;74;49;1;
Topsham;1;1;2386;2751;60;
Township 14;1;1;8;4;0;
Township 21;1;1;31;20;0;
Township 27;1;1;15;9;0;
Township 8 SD;1;1;28;20;0;
Tremont;1;1;444;558;11;
Trenton;1;1;391;435;11;
Trescott Twp;1;1;0;0;0;
Troy;1;1;287;255;8;
Turner;1;1;1569;1369;37;
Union;1;1;682;692;18;
Unity;1;1;589;591;20;
Upton;1;1;35;26;0;
Van Buren;1;1;218;955;9;
Vanceboro;1;1;50;66;0;
Vassalboro;1;1;1047;1046;18;
Veazie;1;1;527;524;10;
Verona;1;1;175;154;3;
Vienna;1;1;607;442;18;
Vinalhaven;1;1;249;519;7;
Wade;1;1;90;67;0;
Waite;1;1;31;25;3;
Waldo;1;1;205;205;6;
Waldoboro;1;1;1387;1348;29;
Wales;1;1;457;300;11;
Wallagrass;1;1;58;244;3;
Waltham;1;1;139;66;2;
Warren;1;1;1029;858;23;
Washburn;1;1;494;354;1;
Washington;1;1;419;450;13;
Waterboro;1;1;1713;1701;35;
Waterford;1;1;439;478;15;
Waterville;1;1;1803;3356;71;
Wayne;1;1;295;439;1;
Webster Plt;1;1;11;24;0;
Weld;1;1;125;152;6;
Wellington;1;1;50;99;2;
Wells;1;1;2814;2879;48;
Wesley;1;1;41;30;1;
West Bath;1;1;575;602;17;
West Forks Plt;1;1;24;19;0;
West Gardiner;1;1;973;897;17;
West Paris;1;1;416;482;13;
Westbrook;6;6;3722;5016;80;
Westfield;1;1;170;121;3;
Westmanland;1;1;29;21;0;
Weston;1;1;94;42;2;
Westport;1;1;277;269;5;
Whitefield;1;1;585;709;11;
Whiting;1;1;159;172;4;
Whitneyville;1;1;65;47;2;
Willimantic;1;1;69;27;1;
Wilton;1;1;927;1220;32;
Windham;3;3;4549;4393;77;
Windsor;1;1;710;552;14;
Winn;1;1;131;88;3;
Winslow;1;1;1799;2492;46;
Winter Harbor;1;1;163;166;9;
Winterport;1;1;1107;1054;21;
Winterville Plt;1;1;34;90;2;
Winthrop;1;1;1724;1820;49;
Wiscasset;1;1;1083;1070;18;
Woodland;1;1;338;306;6;
Woodstock;1;1;422;344;2;
Woodville;1;1;66;59;1;
Woolwich;1;1;922;920;19;
Yarmouth;1;1;2327;3185;41;
York;1;1;3793;4647;73;
