County;TotPrecincts;PrecinctsReporting;Bush;Kerry;Nader;
Addison;1;1;407;333;6;
Albany;1;1;204;265;6;
Alburg;1;1;437;446;15;
Andover;1;1;128;173;2;
Arlington;1;1;582;739;14;
Athens;1;1;61;75;2;
Bakersfield;1;1;273;329;16;
Baltimore;1;1;65;53;4;
Barnard;1;1;223;333;6;
Barnet;1;1;433;469;16;
Barre;3;3;1703;2037;43;
Barre Town;1;1;2228;1908;40;
Barton;1;1;606;648;19;
Belvidere;1;1;72;66;5;
Bennington;1;1;2471;4251;88;
Benson;1;1;251;256;5;
Berkshire;1;1;321;302;10;
Berlin;1;1;588;722;19;
Bethel;1;1;400;596;14;
Bloomfield;1;1;52;54;4;
Bolton;1;1;234;384;8;
Bradford;1;1;632;659;10;
Braintree;1;1;285;307;6;
Brandon;1;1;851;1054;28;
Brattleboro;3;3;1408;4499;98;
Bridgewater;1;1;248;288;6;
Bridport;1;1;350;337;10;
Brighton;1;1;316;277;8;
Bristol;1;1;746;1151;18;
Brookfield;1;1;317;399;10;
Brookline;1;1;110;164;11;
Brownington;1;1;193;172;6;
Brunswick;1;1;26;34;0;
Burke;1;1;369;411;11;
Burlington;7;7;3976;14290;574;
Cabot;1;1;225;449;14;
Calais;1;1;259;733;19;
Cambridge;1;1;602;1097;43;
Canaan;1;1;199;235;10;
Castleton;1;1;894;949;34;
Cavendish;1;1;328;383;10;
Charleston;1;1;218;213;3;
Charlotte;1;1;707;1548;33;
Chelsea;1;1;333;361;8;
Chester;1;1;613;990;27;
Chittenden;1;1;343;366;3;
Clarendon;1;1;762;579;13;
Colchester;1;1;3118;4400;49;
Concord;1;1;299;199;14;
Corinth;1;1;300;373;13;
Cornwall;1;1;230;488;11;
Coventry;1;1;204;184;3;
Craftsbury;1;1;216;430;14;
Danby;1;1;360;356;9;
Danville;1;1;639;594;13;
Derby;1;1;1012;1104;26;
Dorset;1;1;537;733;13;
Dover;1;1;334;382;9;
Dummerston;1;1;317;790;17;
Duxbury;1;1;272;436;11;
East Haven;1;1;83;56;3;
East Montpelier;1;1;538;992;24;
Eden;1;1;212;243;7;
Elmore;1;1;145;308;5;
Enosburgh;1;1;449;621;13;
Essex;2;2;4336;5744;116;
Fair Haven;1;1;595;627;21;
Fairfax;1;1;849;1062;34;
Fairfield;1;1;344;554;4;
Fairlee;1;1;223;361;1;
Fayston;1;1;232;529;13;
Ferrisburg;1;1;692;800;12;
Fletcher;1;1;248;341;5;
Franklin;1;1;301;253;8;
Georgia;1;1;1102;1013;24;
Glover;1;1;246;285;8;
Goshen;1;1;49;82;2;
Grafton;1;1;133;217;4;
Granby;1;1;45;7;0;
Grand Isle;1;1;502;666;13;
Granville;1;1;39;113;3;
Greensboro;1;1;148;263;7;
Groton;1;1;283;170;4;
Guildhall;1;1;82;54;0;
Guilford;1;1;380;812;14;
Halifax;1;1;172;245;6;
Hancock;1;1;69;111;4;
Hardwick;1;1;642;874;11;
Hartford;1;1;1891;2909;40;
Hartland;1;1;680;1104;41;
Highgate;1;1;667;602;11;
Hinesburg;1;1;496;1502;40;
Holland;1;1;141;152;3;
Hubbardton;1;1;151;177;7;
Huntington;1;1;334;702;20;
Hyde Park;1;1;544;933;14;
Ira;1;1;98;104;2;
Irasburg;1;1;300;260;2;
Isle La Motte;1;1;143;167;0;
Jamaica;1;1;167;311;14;
Jay;1;1;78;125;0;
Jericho;1;1;1128;1803;33;
Johnson;1;1;494;970;34;
Killington;1;1;261;378;7;
Kirby;1;1;88;135;5;
Landgrove;1;1;20;91;0;
Leicester;1;1;277;277;8;
Lemington;1;1;32;20;0;
Lincoln;1;1;253;513;14;
Londonderry;1;1;446;529;14;
Lowell;1;1;152;178;1;
Ludlow;1;1;593;664;10;
Lunenburg;1;1;314;252;7;
Lyndon;1;1;1144;1029;27;
Maidstone;1;1;47;36;2;
Manchester;1;1;1037;1309;26;
Marlboro;1;1;89;452;17;
Marshfield;1;1;344;526;18;
Mendon;1;1;300;337;5;
Middlebury;1;1;933;2390;37;
Middlesex;1;1;323;701;22;
Middletown Springs;1;1;207;262;5;
Milton;1;1;2253;2130;59;
Monkton;1;1;378;696;14;
Montgomery;1;1;224;390;18;
Montpelier;1;1;1048;3536;87;
Moretown;1;1;341;608;19;
Morgan;1;1;199;159;2;
Morristown;1;1;878;1545;29;
Mount Holly;1;1;334;387;11;
Mount Tabor;1;1;60;49;1;
New Haven;1;1;404;567;9;
Newark;1;1;108;143;10;
Newbury;1;1;507;583;9;
Newfane;1;1;304;713;1;
Newport;1;1;835;887;17;
Newport Town;1;1;392;381;14;
North Hero;1;1;279;283;9;
Northfield;1;1;1050;1228;40;
Norton;1;1;62;27;1;
Norwich;1;1;374;1893;21;
Orange;1;1;290;190;6;
Orwell;1;1;321;307;4;
Panton;1;1;181;175;4;
Pawlet;1;1;356;385;8;
Peacham;1;1;151;298;13;
Peru;1;1;67;143;2;
Pittsfield;1;1;130;135;4;
Pittsford;1;1;740;720;7;
Plainfield;1;1;215;506;29;
Plymouth;1;1;138;191;4;
Pomfret;1;1;216;401;3;
Poultney;1;1;675;840;21;
Pownal;1;1;768;1013;31;
Proctor;1;1;398;501;12;
Putney;1;1;248;1066;21;
Randolph;1;1;910;1345;38;
Reading;1;1;145;263;7;
Readsboro;1;1;169;234;7;
Richford;1;1;377;524;11;
Richmond;1;1;848;1532;25;
Ripton;1;1;87;237;5;
Rochester;1;1;215;436;41;
Rockingham;1;1;743;1656;35;
Roxbury;1;1;123;235;15;
Royalton;1;1;585;847;20;
Rupert;1;1;224;217;5;
Rutland;4;4;3293;4142;63;
Rutland Town;1;1;1308;1104;30;
Ryegate;1;1;277;266;7;
Salisbury;1;1;238;236;5;
Sandgate;1;1;97;114;2;
Searsburg;1;1;22;30;1;
Shaftsbury;1;1;902;1265;33;
Sharon;1;1;287;414;15;
Sheffield;1;1;131;139;6;
Shelburne;1;1;1493;2800;57;
Sheldon;1;1;343;374;15;
Shoreham;1;1;256;366;7;
Shrewsbury;1;1;308;399;7;
South Burlington;1;1;3228;5601;99;
South Hero;1;1;393;684;10;
Springfield;1;1;1800;2538;64;
St Albans;1;1;1045;1602;34;
St Albans Town;1;1;1209;1328;20;
St George;1;1;145;176;3;
St Johnsbury;1;1;1488;1577;31;
Stamford;1;1;204;256;4;
Stannard;1;1;43;74;1;
Starksboro;1;1;315;547;13;
Stockbridge;1;1;141;218;6;
Stowe;1;1;939;1792;44;
Strafford;1;1;159;526;10;
Stratton;1;1;63;67;2;
Sudbury;1;1;123;184;8;
Sunderland;1;1;210;271;9;
Sutton;1;1;230;189;10;
Swanton;1;1;1183;1302;16;
Thetford;1;1;441;1125;17;
Tinmouth;1;1;139;158;4;
Topsham;1;1;311;228;9;
Townshend;1;1;243;404;8;
Troy;1;1;298;344;2;
Tunbridge;1;1;297;379;11;
Underhill;1;1;646;1243;29;
Vergennes;1;1;511;664;18;
Vernon;1;1;601;510;11;
Vershire;1;1;138;211;5;
Victory;1;1;34;24;0;
Waitsfield;1;1;338;769;18;
Walden;1;1;201;296;6;
Wallingford;1;1;558;637;14;
Waltham;1;1;95;119;8;
Wardsboro;1;1;169;230;5;
Warren;1;1;285;774;22;
Washington;1;1;257;256;8;
Waterbury;1;1;972;1830;58;
Waterford;1;1;389;291;13;
Waterville;1;1;130;203;2;
Weathersfield;1;1;691;829;28;
Wells;1;1;295;229;11;
West Fairlee;1;1;152;164;5;
West Haven;1;1;65;58;4;
West Rutland;1;1;582;530;13;
West Windsor;1;1;243;391;6;
Westfield;1;1;127;155;5;
Westford;1;1;375;690;16;
Westminster;1;1;435;1203;23;
Westmore;1;1;94;119;2;
Weston;1;1;128;250;7;
Weybridge;1;1;167;362;6;
Wheelock;1;1;148;151;5;
Whiting;1;1;79;126;2;
Whitingham;1;1;289;332;6;
Williamstown;1;1;865;689;24;
Williston;1;1;1931;2938;60;
Wilmington;1;1;479;696;23;
Windham;1;1;89;134;3;
Windsor;1;1;617;1091;11;
Winhall;1;1;212;273;7;
Winooski;1;1;781;1685;42;
Wolcott;1;1;241;473;11;
Woodbury;1;1;204;277;7;
Woodford;1;1;81;123;4;
Woodstock;1;1;708;1260;20;
Worcester;1;1;158;359;17;
